// Generado por tflite_to_header.py desde modelo_int8.tflite
// Tamaño: 16024 bytes (15.6 KB)
// NO editar manualmente — regenerar cuando cambies el modelo
#pragma once
#include <stdint.h>

const uint32_t g_modelo_wake_word_len = 16024u;

alignas(8) const uint8_t g_modelo_wake_word[] = {
    0x1c, 0x00, 0x00, 0x00, 0x54, 0x46, 0x4c, 0x33, 0x14, 0x00, 0x20, 0x00,
    0x1c, 0x00, 0x18, 0x00, 0x14, 0x00, 0x10, 0x00, 0x0c, 0x00, 0x00, 0x00,
    0x08, 0x00, 0x04, 0x00, 0x14, 0x00, 0x00, 0x00, 0x1c, 0x00, 0x00, 0x00,
    0x98, 0x00, 0x00, 0x00, 0xf0, 0x00, 0x00, 0x00, 0x2c, 0x1f, 0x00, 0x00,
    0x3c, 0x1f, 0x00, 0x00, 0xf0, 0x3d, 0x00, 0x00, 0x03, 0x00, 0x00, 0x00,
    0x01, 0x00, 0x00, 0x00, 0x10, 0x00, 0x00, 0x00, 0x00, 0x00, 0x0a, 0x00,
    0x10, 0x00, 0x0c, 0x00, 0x08, 0x00, 0x04, 0x00, 0x0a, 0x00, 0x00, 0x00,
    0x0c, 0x00, 0x00, 0x00, 0x1c, 0x00, 0x00, 0x00, 0x3c, 0x00, 0x00, 0x00,
    0x0f, 0x00, 0x00, 0x00, 0x73, 0x65, 0x72, 0x76, 0x69, 0x6e, 0x67, 0x5f,
    0x64, 0x65, 0x66, 0x61, 0x75, 0x6c, 0x74, 0x00, 0x01, 0x00, 0x00, 0x00,
    0x04, 0x00, 0x00, 0x00, 0x90, 0xff, 0xff, 0xff, 0x15, 0x00, 0x00, 0x00,
    0x04, 0x00, 0x00, 0x00, 0x08, 0x00, 0x00, 0x00, 0x6f, 0x75, 0x74, 0x70,
    0x75, 0x74, 0x5f, 0x30, 0x00, 0x00, 0x00, 0x00, 0x01, 0x00, 0x00, 0x00,
    0x04, 0x00, 0x00, 0x00, 0xb2, 0xe0, 0xff, 0xff, 0x04, 0x00, 0x00, 0x00,
    0x0c, 0x00, 0x00, 0x00, 0x6b, 0x65, 0x72, 0x61, 0x73, 0x5f, 0x74, 0x65,
    0x6e, 0x73, 0x6f, 0x72, 0x00, 0x00, 0x00, 0x00, 0x02, 0x00, 0x00, 0x00,
    0x34, 0x00, 0x00, 0x00, 0x04, 0x00, 0x00, 0x00, 0xdc, 0xff, 0xff, 0xff,
    0x18, 0x00, 0x00, 0x00, 0x04, 0x00, 0x00, 0x00, 0x13, 0x00, 0x00, 0x00,
    0x43, 0x4f, 0x4e, 0x56, 0x45, 0x52, 0x53, 0x49, 0x4f, 0x4e, 0x5f, 0x4d,
    0x45, 0x54, 0x41, 0x44, 0x41, 0x54, 0x41, 0x00, 0x08, 0x00, 0x0c, 0x00,
    0x08, 0x00, 0x04, 0x00, 0x08, 0x00, 0x00, 0x00, 0x17, 0x00, 0x00, 0x00,
    0x04, 0x00, 0x00, 0x00, 0x13, 0x00, 0x00, 0x00, 0x6d, 0x69, 0x6e, 0x5f,
    0x72, 0x75, 0x6e, 0x74, 0x69, 0x6d, 0x65, 0x5f, 0x76, 0x65, 0x72, 0x73,
    0x69, 0x6f, 0x6e, 0x00, 0x19, 0x00, 0x00, 0x00, 0x38, 0x1e, 0x00, 0x00,
    0x30, 0x1e, 0x00, 0x00, 0x18, 0x1e, 0x00, 0x00, 0xfc, 0x1d, 0x00, 0x00,
    0x8c, 0x1d, 0x00, 0x00, 0xfc, 0x1c, 0x00, 0x00, 0xec, 0x18, 0x00, 0x00,
    0x5c, 0x18, 0x00, 0x00, 0x4c, 0x06, 0x00, 0x00, 0xfc, 0x05, 0x00, 0x00,
    0x6c, 0x01, 0x00, 0x00, 0x3c, 0x01, 0x00, 0x00, 0xe4, 0x00, 0x00, 0x00,
    0xdc, 0x00, 0x00, 0x00, 0xd4, 0x00, 0x00, 0x00, 0xcc, 0x00, 0x00, 0x00,
    0xc4, 0x00, 0x00, 0x00, 0xbc, 0x00, 0x00, 0x00, 0xb4, 0x00, 0x00, 0x00,
    0xac, 0x00, 0x00, 0x00, 0xa4, 0x00, 0x00, 0x00, 0x9c, 0x00, 0x00, 0x00,
    0x94, 0x00, 0x00, 0x00, 0x74, 0x00, 0x00, 0x00, 0x04, 0x00, 0x00, 0x00,
    0x92, 0xe1, 0xff, 0xff, 0x04, 0x00, 0x00, 0x00, 0x60, 0x00, 0x00, 0x00,
    0x0c, 0x00, 0x00, 0x00, 0x08, 0x00, 0x0e, 0x00, 0x08, 0x00, 0x04, 0x00,
    0x08, 0x00, 0x00, 0x00, 0x10, 0x00, 0x00, 0x00, 0x28, 0x00, 0x00, 0x00,
    0x00, 0x00, 0x06, 0x00, 0x08, 0x00, 0x04, 0x00, 0x06, 0x00, 0x00, 0x00,
    0x04, 0x00, 0x00, 0x00, 0x01, 0x00, 0x00, 0x00, 0xeb, 0x03, 0x00, 0x00,
    0x0c, 0x00, 0x18, 0x00, 0x14, 0x00, 0x10, 0x00, 0x0c, 0x00, 0x04, 0x00,
    0x0c, 0x00, 0x00, 0x00, 0x8e, 0x6e, 0xf3, 0x51, 0x8f, 0x20, 0x38, 0x56,
    0x02, 0x00, 0x00, 0x00, 0x02, 0x00, 0x00, 0x00, 0x04, 0x00, 0x00, 0x00,
    0x06, 0x00, 0x00, 0x00, 0x32, 0x2e, 0x32, 0x31, 0x2e, 0x30, 0x00, 0x00,
    0xfe, 0xe1, 0xff, 0xff, 0x04, 0x00, 0x00, 0x00, 0x10, 0x00, 0x00, 0x00,
    0x31, 0x2e, 0x31, 0x34, 0x2e, 0x30, 0x00, 0x00, 0x00, 0x00, 0x00, 0x00,
    0x00, 0x00, 0x00, 0x00, 0xf0, 0xc4, 0xff, 0xff, 0xf4, 0xc4, 0xff, 0xff,
    0xf8, 0xc4, 0xff, 0xff, 0xfc, 0xc4, 0xff, 0xff, 0x00, 0xc5, 0xff, 0xff,
    0x04, 0xc5, 0xff, 0xff, 0x08, 0xc5, 0xff, 0xff, 0x0c, 0xc5, 0xff, 0xff,
    0x10, 0xc5, 0xff, 0xff, 0x14, 0xc5, 0xff, 0xff, 0x42, 0xe2, 0xff, 0xff,
    0x04, 0x00, 0x00, 0x00, 0x48, 0x00, 0x00, 0x00, 0x0c, 0x1e, 0x36, 0xdf,
    0xe3, 0x7f, 0x51, 0xe1, 0x67, 0xd7, 0xee, 0x61, 0xab, 0xee, 0xf0, 0xc2,
    0xd8, 0x7f, 0x70, 0xae, 0xaf, 0x5e, 0xa2, 0xd6, 0x51, 0x0d, 0x81, 0x45,
    0xba, 0xf3, 0x7f, 0x1e, 0x62, 0xc0, 0x08, 0x1f, 0x03, 0x00, 0x4e, 0x70,
    0x85, 0x81, 0xa5, 0x38, 0x22, 0x07, 0xdc, 0x0f, 0x58, 0xbc, 0x72, 0x7f,
    0x1f, 0x7b, 0xbe, 0x34, 0x15, 0x0b, 0xbe, 0x35, 0x81, 0x6e, 0xfa, 0xbd,
    0xce, 0xad, 0x06, 0xf1, 0x81, 0xb5, 0x13, 0x13, 0x96, 0xe2, 0xff, 0xff,
    0x04, 0x00, 0x00, 0x00, 0x20, 0x00, 0x00, 0x00, 0x2d, 0x00, 0x00, 0x00,
    0xbd, 0xff, 0xff, 0xff, 0xa9, 0x00, 0x00, 0x00, 0x32, 0x00, 0x00, 0x00,
    0x14, 0x00, 0x00, 0x00, 0x14, 0x00, 0x00, 0x00, 0xf9, 0xff, 0xff, 0xff,
    0xf4, 0xfe, 0xff, 0xff, 0xc2, 0xe2, 0xff, 0xff, 0x04, 0x00, 0x00, 0x00,
    0x80, 0x04, 0x00, 0x00, 0xc7, 0xc5, 0xde, 0xd1, 0x56, 0x4e, 0x3e, 0xaf,
    0x47, 0x3f, 0xe5, 0xd2, 0x5d, 0xc5, 0xf9, 0xc3, 0xd2, 0xf6, 0xac, 0xfc,
    0x81, 0x18, 0x5c, 0xbb, 0x5d, 0xdf, 0x21, 0x36, 0x3b, 0x57, 0xd3, 0x05,
    0xe7, 0x23, 0x4f, 0x4b, 0xf7, 0x03, 0xe4, 0xe4, 0x4e, 0x31, 0xbe, 0x23,
    0xbd, 0xfb, 0xf5, 0x8e, 0xf5, 0x31, 0x07, 0x13, 0xed, 0xfe, 0x32, 0xb8,
    0x10, 0x2c, 0x2d, 0xf4, 0xe5, 0x11, 0xd4, 0xf1, 0x02, 0xa4, 0x86, 0xd5,
    0xe3, 0xd1, 0xf7, 0xa9, 0x03, 0x4d, 0x34, 0xac, 0xf2, 0xff, 0x39, 0xcf,
    0x0e, 0x0a, 0x35, 0xe1, 0xb6, 0x10, 0xdf, 0xb0, 0xf6, 0x26, 0x3f, 0xb9,
    0x9f, 0x09, 0x4c, 0xdb, 0xfa, 0x16, 0xd3, 0xd4, 0xba, 0xcc, 0x42, 0x2d,
    0xca, 0xce, 0x52, 0x44, 0x1c, 0x0d, 0xc9, 0x01, 0x51, 0xe5, 0x19, 0x29,
    0x81, 0x40, 0x6c, 0xec, 0xb7, 0xfa, 0xe7, 0xbe, 0xbd, 0xaa, 0x4b, 0xbf,
    0x3b, 0x08, 0xe3, 0x1c, 0xf3, 0x35, 0xf1, 0x0e, 0x59, 0xc2, 0x2c, 0xb8,
    0xc1, 0xe7, 0xe0, 0x4f, 0xd1, 0xa7, 0x36, 0x6b, 0xd8, 0x87, 0x48, 0xd8,
    0x9b, 0xb6, 0xe2, 0x2c, 0xdc, 0x2e, 0x1b, 0xa2, 0x0c, 0x49, 0x16, 0x65,
    0x29, 0x00, 0x4f, 0xd9, 0x1a, 0xb8, 0xa2, 0xca, 0xa6, 0x8b, 0x39, 0x8f,
    0x32, 0x38, 0x56, 0xb0, 0x63, 0xec, 0x42, 0x2f, 0x14, 0x48, 0x14, 0x6c,
    0x18, 0x6f, 0xfb, 0xbd, 0xc1, 0x32, 0xc6, 0xa2, 0x0b, 0x81, 0xdf, 0xd2,
    0xa0, 0x31, 0x12, 0xc9, 0x55, 0x2e, 0xea, 0x2c, 0x6b, 0xd4, 0x34, 0x40,
    0x3f, 0x5b, 0x42, 0xec, 0x2a, 0x0b, 0xd7, 0xce, 0x1a, 0x3a, 0xd3, 0xd6,
    0x04, 0xcc, 0xfd, 0xc5, 0xc0, 0xd1, 0xd2, 0x24, 0x13, 0x91, 0xe7, 0x3a,
    0x1d, 0x19, 0x81, 0xf2, 0xcf, 0x13, 0xfa, 0x08, 0x00, 0xcf, 0xfc, 0x15,
    0xd5, 0xc7, 0xe4, 0xed, 0x0f, 0x12, 0x25, 0xfd, 0xfd, 0xbd, 0xce, 0xed,
    0xd6, 0x1d, 0x8d, 0xd2, 0x1d, 0x01, 0xfb, 0x10, 0xf2, 0xf7, 0x2c, 0x2d,
    0xdc, 0xd8, 0xdf, 0xf2, 0x1f, 0xda, 0xff, 0x08, 0x18, 0xf9, 0x17, 0x13,
    0x10, 0x19, 0xb1, 0xce, 0x02, 0x24, 0xa1, 0x11, 0xe5, 0x40, 0x12, 0x04,
    0x39, 0xc8, 0xd7, 0x9f, 0x02, 0x11, 0xbd, 0x9a, 0x6b, 0x46, 0x25, 0x6c,
    0xb7, 0xd3, 0x04, 0x56, 0xc1, 0xb8, 0xc7, 0xde, 0xda, 0x2e, 0x16, 0x05,
    0xba, 0xdd, 0x24, 0xeb, 0x09, 0xc1, 0x57, 0x46, 0x7f, 0x04, 0xfe, 0x58,
    0xe2, 0x6b, 0x71, 0x10, 0xcd, 0xbe, 0xee, 0xa0, 0x1f, 0xb7, 0x42, 0x34,
    0xe9, 0xf5, 0x03, 0x42, 0xd8, 0x14, 0xc4, 0x0e, 0x75, 0xb8, 0x51, 0xfa,
    0xee, 0x33, 0x3e, 0xfa, 0xa8, 0x23, 0xbf, 0x0f, 0x27, 0x3c, 0xc3, 0x4c,
    0xda, 0xcf, 0xbb, 0xaf, 0x1d, 0x89, 0x58, 0x55, 0x37, 0x65, 0x81, 0x8a,
    0xbf, 0x3f, 0xb8, 0x31, 0xab, 0x1d, 0x3f, 0xfa, 0xf1, 0xe4, 0x09, 0xeb,
    0x8b, 0xac, 0xee, 0xf3, 0xb8, 0xbc, 0xfd, 0x1b, 0xb6, 0x50, 0x92, 0xe8,
    0x06, 0xd3, 0x5b, 0xc5, 0xd4, 0xc1, 0xa2, 0x0d, 0x3f, 0x3e, 0x2f, 0x16,
    0x38, 0xa2, 0xf7, 0x27, 0xa7, 0xbe, 0xa5, 0x4b, 0x3f, 0x66, 0x94, 0xfd,
    0xfb, 0xac, 0x21, 0xc9, 0x0d, 0x1b, 0xc7, 0xbf, 0xfa, 0x0a, 0x4f, 0x23,
    0x01, 0x20, 0x06, 0xf7, 0x20, 0x34, 0x4d, 0x0b, 0xf4, 0xcd, 0x5a, 0xc6,
    0x72, 0x29, 0xad, 0xed, 0x2b, 0x18, 0x1c, 0x0c, 0xbb, 0x51, 0xbc, 0xf1,
    0xd0, 0xc7, 0xfd, 0xf3, 0x35, 0xf0, 0x34, 0x11, 0xca, 0x4d, 0x14, 0x21,
    0x24, 0x91, 0x02, 0xea, 0xc6, 0x25, 0xe8, 0x61, 0x36, 0x36, 0xdc, 0x5a,
    0xcb, 0xbb, 0x51, 0x0b, 0x16, 0xf7, 0xf5, 0x29, 0x08, 0x19, 0xd1, 0x9c,
    0x7f, 0x9e, 0x0e, 0xf0, 0x30, 0x2f, 0xf4, 0xd2, 0x2a, 0x35, 0xd7, 0x1c,
    0xd8, 0xc4, 0xf5, 0x34, 0x16, 0x24, 0xcb, 0xdf, 0x05, 0xb9, 0x27, 0x00,
    0xa5, 0x04, 0xb2, 0xc5, 0xff, 0x04, 0xb5, 0x39, 0x35, 0xe2, 0xd1, 0xb5,
    0x19, 0xff, 0x1b, 0xd4, 0x26, 0xd6, 0xd0, 0xd6, 0x01, 0x9c, 0xba, 0x1f,
    0x08, 0xea, 0x11, 0x95, 0x21, 0x31, 0xe8, 0x0d, 0xe0, 0x0a, 0x02, 0x17,
    0x0f, 0x22, 0xc3, 0x1c, 0xba, 0x26, 0xbb, 0x12, 0x04, 0x81, 0x14, 0xf6,
    0xee, 0x3a, 0x14, 0xc2, 0xfc, 0x05, 0x8a, 0x07, 0x1d, 0xdc, 0xca, 0xb1,
    0x2c, 0xed, 0x03, 0x0a, 0x20, 0xcf, 0x16, 0x20, 0xdb, 0xc6, 0x39, 0xf0,
    0x40, 0xf2, 0x19, 0x23, 0x33, 0xb7, 0xca, 0x4d, 0xcb, 0xe9, 0x02, 0xc3,
    0x22, 0x0d, 0xb5, 0xc5, 0x2b, 0x17, 0x1d, 0xb2, 0x8b, 0xb0, 0x16, 0x0e,
    0x60, 0xcf, 0x2b, 0x09, 0x08, 0x3f, 0xa0, 0xbc, 0xb5, 0x31, 0xc8, 0x0b,
    0xfe, 0xcc, 0x01, 0x12, 0x30, 0xfd, 0x29, 0xcf, 0xf8, 0xaa, 0x40, 0xc4,
    0x7f, 0xe4, 0xe1, 0xb9, 0x88, 0xc9, 0xcd, 0x2c, 0x5a, 0x08, 0xf3, 0x26,
    0x2d, 0xbe, 0xee, 0x04, 0x37, 0x7d, 0xe5, 0xd3, 0xdf, 0xe4, 0x04, 0x56,
    0xba, 0xe9, 0x8e, 0xcc, 0x3a, 0xe5, 0x37, 0xf9, 0x0d, 0x01, 0xd0, 0x06,
    0x34, 0xcb, 0xfd, 0x53, 0x10, 0xd4, 0xe7, 0xfe, 0x30, 0x84, 0xeb, 0x40,
    0x6e, 0x02, 0x99, 0x11, 0x32, 0xa1, 0x10, 0x61, 0x20, 0xd5, 0xd4, 0xe5,
    0x1a, 0x30, 0x89, 0x5c, 0x97, 0xda, 0x35, 0xf0, 0x18, 0xb0, 0x05, 0xcd,
    0xd4, 0x54, 0x81, 0xa3, 0x2a, 0x65, 0xb7, 0xa1, 0xd5, 0x0b, 0xa7, 0x09,
    0xe3, 0x17, 0x2a, 0x51, 0x95, 0x5e, 0xdd, 0x50, 0xf4, 0xea, 0x4c, 0x4b,
    0x87, 0xcf, 0x6a, 0x04, 0x81, 0x11, 0x24, 0x87, 0x4e, 0x8a, 0xd4, 0xff,
    0x24, 0x6a, 0xb6, 0xfd, 0x89, 0xff, 0x3d, 0x09, 0xdc, 0x00, 0x38, 0x7d,
    0xad, 0x1c, 0x32, 0x1d, 0xfa, 0xa4, 0x43, 0xfc, 0x05, 0xf4, 0xe8, 0x16,
    0x4b, 0xf1, 0xd8, 0xd0, 0xae, 0x65, 0x07, 0xc8, 0xcf, 0x56, 0x40, 0x60,
    0xb8, 0x4c, 0x62, 0x1e, 0x27, 0x41, 0xe3, 0x81, 0x32, 0xcb, 0xc6, 0xe0,
    0x28, 0xb4, 0x36, 0x1e, 0xb3, 0x5d, 0x17, 0xf4, 0x01, 0x9c, 0xcb, 0x42,
    0x04, 0x5b, 0x2a, 0x27, 0x2b, 0x2a, 0x64, 0xba, 0x4d, 0x9c, 0x0b, 0x19,
    0x4b, 0x33, 0x9a, 0xc2, 0xb1, 0xdc, 0x5d, 0x10, 0x10, 0x9e, 0x60, 0x36,
    0xbc, 0x66, 0x3c, 0x33, 0xf8, 0x58, 0x61, 0x1d, 0x17, 0xad, 0xbf, 0xa1,
    0xbd, 0x99, 0x1a, 0x0a, 0xc5, 0xf6, 0x4d, 0xc9, 0xcb, 0x2c, 0xe4, 0xc4,
    0x48, 0x2f, 0x5f, 0x23, 0xf1, 0xc7, 0x5a, 0x43, 0xfc, 0xb1, 0x25, 0x2e,
    0xc5, 0x98, 0xf6, 0xb9, 0x37, 0x33, 0x55, 0xd2, 0xdc, 0x11, 0x6b, 0x39,
    0xc0, 0x7f, 0x2b, 0xe5, 0x8f, 0xe7, 0x24, 0x47, 0xd7, 0x2b, 0xe5, 0x86,
    0x39, 0x5a, 0x29, 0x22, 0x0b, 0xd9, 0x4d, 0xf7, 0x60, 0xb9, 0x03, 0x16,
    0x05, 0x60, 0xf2, 0xbc, 0xee, 0x93, 0x07, 0xde, 0x12, 0xd1, 0x9a, 0x37,
    0x21, 0xf5, 0xda, 0xf4, 0xb3, 0x4a, 0xe6, 0x15, 0x33, 0x31, 0x2d, 0xe3,
    0x00, 0xc9, 0x1f, 0xac, 0x02, 0x06, 0xf5, 0x2c, 0x2e, 0xc2, 0x3b, 0xda,
    0x0b, 0xfe, 0x02, 0x19, 0xbc, 0xf5, 0xb4, 0xcf, 0x28, 0xec, 0x82, 0xd2,
    0x33, 0xc6, 0xf2, 0xf7, 0x01, 0xfc, 0x09, 0x1a, 0xc6, 0x05, 0x02, 0xfe,
    0x18, 0x11, 0x24, 0x2f, 0xda, 0xb8, 0x2e, 0xcb, 0x24, 0x92, 0x02, 0x54,
    0xc6, 0x06, 0xeb, 0x81, 0xe7, 0xac, 0xbf, 0x3b, 0x1b, 0x22, 0xd8, 0x43,
    0xe2, 0x46, 0x39, 0x0f, 0x2a, 0xfd, 0xc1, 0xd0, 0xfa, 0x84, 0x8d, 0x3e,
    0x0e, 0xfe, 0xcf, 0xf0, 0xb2, 0xf2, 0x44, 0x21, 0xfb, 0xee, 0xe9, 0xc8,
    0xb7, 0x3f, 0xc1, 0x24, 0xd9, 0xc6, 0x23, 0xe8, 0x40, 0xcb, 0xdf, 0x67,
    0x1e, 0xcd, 0xcf, 0x2c, 0xc9, 0xa6, 0x5b, 0xc0, 0x21, 0x15, 0x02, 0x03,
    0xed, 0x09, 0xed, 0x0e, 0xd2, 0xbc, 0x51, 0x2c, 0xbb, 0x55, 0x05, 0x2f,
    0xec, 0x32, 0xde, 0x16, 0xb0, 0x22, 0xe8, 0xbd, 0x40, 0xde, 0xc0, 0xe1,
    0xaa, 0x03, 0xfa, 0x8f, 0x3b, 0x81, 0xe1, 0xb1, 0x3d, 0x01, 0x36, 0x0e,
    0x3b, 0x12, 0x0b, 0xdb, 0x5a, 0x44, 0xbe, 0xd5, 0xdb, 0x23, 0x56, 0x8d,
    0xab, 0x1f, 0x17, 0x9e, 0x2d, 0xb3, 0x52, 0xf2, 0x35, 0x09, 0xa3, 0xeb,
    0xed, 0xb4, 0x69, 0x3e, 0x24, 0xb9, 0x31, 0xde, 0x3d, 0xcd, 0xd2, 0xc3,
    0xf5, 0x0a, 0x1a, 0x11, 0xee, 0xcc, 0xe9, 0xf1, 0x62, 0x7f, 0x26, 0x85,
    0x92, 0xd4, 0xe9, 0xf8, 0xc7, 0x34, 0xe9, 0x02, 0x22, 0xd2, 0x0a, 0x02,
    0x32, 0xbd, 0xce, 0x0c, 0x12, 0xda, 0x49, 0xd4, 0x5c, 0x2b, 0x1f, 0x03,
    0xdc, 0x09, 0x5c, 0xa4, 0x4e, 0xe7, 0xff, 0xff, 0x04, 0x00, 0x00, 0x00,
    0x40, 0x00, 0x00, 0x00, 0x24, 0xff, 0xff, 0xff, 0xf1, 0x02, 0x00, 0x00,
    0x7c, 0x02, 0x00, 0x00, 0x7d, 0x03, 0x00, 0x00, 0xf2, 0x01, 0x00, 0x00,
    0x11, 0x07, 0x00, 0x00, 0x2f, 0xfc, 0xff, 0xff, 0x2f, 0x02, 0x00, 0x00,
    0xb1, 0x03, 0x00, 0x00, 0x95, 0xff, 0xff, 0xff, 0x04, 0x03, 0x00, 0x00,
    0x02, 0xfe, 0xff, 0xff, 0xfd, 0xfe, 0xff, 0xff, 0x29, 0x01, 0x00, 0x00,
    0x66, 0x04, 0x00, 0x00, 0x84, 0x00, 0x00, 0x00, 0x9a, 0xe7, 0xff, 0xff,
    0x04, 0x00, 0x00, 0x00, 0x00, 0x12, 0x00, 0x00, 0x01, 0xf8, 0xd0, 0x19,
    0x08, 0xbd, 0xd2, 0x1c, 0xe8, 0xdd, 0x09, 0x28, 0xf0, 0x33, 0x26, 0x05,
    0xed, 0x2e, 0xf9, 0xeb, 0x56, 0xf7, 0xc0, 0x09, 0xe5, 0x02, 0x18, 0x30,
    0x37, 0xfb, 0xee, 0xf1, 0x1c, 0x21, 0x0b, 0x28, 0xe6, 0xd5, 0xdc, 0xec,
    0x18, 0xc0, 0xf4, 0x7f, 0x0c, 0xfe, 0xfb, 0x23, 0x09, 0xf4, 0xd1, 0x02,
    0xf4, 0xb3, 0x15, 0xe1, 0x04, 0x12, 0xe5, 0x18, 0x16, 0xef, 0x28, 0x16,
    0xfd, 0x35, 0x1b, 0x27, 0x68, 0x0d, 0x04, 0xba, 0x17, 0xf1, 0x23, 0x26,
    0xcb, 0xf6, 0xf1, 0x0c, 0xe3, 0xea, 0xcf, 0x00, 0x1a, 0xf5, 0xe4, 0xb6,
    0x10, 0xd4, 0xc0, 0x34, 0xc2, 0xb9, 0x39, 0x4d, 0xdc, 0x0b, 0xfa, 0xe4,
    0xec, 0xdc, 0x06, 0x26, 0xf8, 0xf7, 0x31, 0x21, 0x1e, 0xd7, 0x0a, 0x27,
    0xd5, 0xf8, 0xee, 0xf6, 0x72, 0x14, 0x27, 0x2b, 0x13, 0x1a, 0x24, 0xf1,
    0x03, 0x1c, 0x08, 0xfe, 0x31, 0x0b, 0x06, 0xe8, 0xcd, 0x31, 0xb0, 0xcb,
    0x1c, 0xc9, 0x13, 0x70, 0xc5, 0xf4, 0xda, 0xf7, 0x02, 0xfa, 0x0c, 0x23,
    0x20, 0x01, 0xbd, 0xbe, 0xa1, 0x2d, 0x60, 0x24, 0xe6, 0xef, 0xf2, 0x38,
    0x1d, 0x35, 0x10, 0xb5, 0x34, 0x04, 0x25, 0xe0, 0xdf, 0x1f, 0xf8, 0xf0,
    0x11, 0x13, 0xd0, 0xe6, 0xdf, 0x41, 0x19, 0xe7, 0x33, 0xb8, 0x25, 0x2a,
    0xac, 0x17, 0x3a, 0x2f, 0x63, 0xd8, 0xbb, 0x40, 0x21, 0x36, 0xc7, 0xe6,
    0xe5, 0x0a, 0xef, 0x27, 0xef, 0x0c, 0x57, 0x3a, 0xee, 0xb1, 0xd9, 0x2a,
    0x2d, 0x3b, 0x27, 0xd5, 0xe1, 0xf7, 0xd9, 0xca, 0x2f, 0x05, 0xdf, 0xe0,
    0xc1, 0x1a, 0xe9, 0x2c, 0xee, 0xea, 0x13, 0xc6, 0xf2, 0xff, 0xde, 0xb4,
    0x03, 0xe7, 0xee, 0x6c, 0xf1, 0xf8, 0x0a, 0x7c, 0x22, 0xf4, 0x02, 0x18,
    0x0e, 0x21, 0x08, 0xc8, 0x26, 0xce, 0xc8, 0xe1, 0xc8, 0xe8, 0xec, 0x7f,
    0xd1, 0x2f, 0x0d, 0xb6, 0x4d, 0x00, 0x2c, 0xe2, 0x20, 0xe1, 0x62, 0x34,
    0x10, 0xc6, 0x1a, 0x07, 0x3d, 0x19, 0x02, 0xca, 0xc4, 0x23, 0x20, 0x27,
    0x2b, 0xd3, 0xf7, 0xeb, 0x0a, 0xbe, 0xe9, 0x61, 0xe1, 0xf2, 0xc3, 0x27,
    0x02, 0xf4, 0x2a, 0x0b, 0x14, 0x04, 0x28, 0x18, 0x26, 0xde, 0x1e, 0xf7,
    0xe8, 0xde, 0x15, 0xd2, 0x42, 0xbf, 0xef, 0xf7, 0xbd, 0x31, 0x00, 0x0a,
    0x19, 0x06, 0xbf, 0x3e, 0x30, 0x40, 0xf7, 0xf0, 0x3f, 0xd6, 0x24, 0xcf,
    0xad, 0x06, 0xff, 0x18, 0x54, 0xd9, 0x34, 0x1f, 0xee, 0x35, 0xfc, 0x1a,
    0xf2, 0x27, 0xcd, 0x08, 0x19, 0x3c, 0xf3, 0x1f, 0xc8, 0xe1, 0x39, 0x22,
    0x27, 0xcb, 0x1a, 0xf9, 0x11, 0x1a, 0x2c, 0x14, 0x19, 0xf7, 0xfa, 0xe6,
    0xfb, 0xb7, 0xc8, 0x38, 0x39, 0x1b, 0xfe, 0xd3, 0x35, 0xc2, 0x3b, 0x3a,
    0x9c, 0xc0, 0xba, 0xe5, 0x46, 0xbf, 0x4d, 0x6e, 0xf1, 0xff, 0x10, 0xd0,
    0xe5, 0x2a, 0x04, 0xdf, 0xc7, 0xca, 0xc7, 0x06, 0x1d, 0x26, 0x04, 0x11,
    0xf4, 0x02, 0xff, 0xeb, 0x00, 0xdc, 0xcd, 0x2d, 0xd6, 0xf6, 0x3c, 0x25,
    0xee, 0x2d, 0xd7, 0x0a, 0x1c, 0x0d, 0x19, 0xd8, 0x2d, 0xde, 0xfc, 0xd7,
    0xf0, 0xba, 0xc5, 0xc6, 0x30, 0xb9, 0x2e, 0x7f, 0x1d, 0x9d, 0xca, 0x09,
    0xf0, 0x1f, 0xc3, 0x16, 0x3c, 0xee, 0xf2, 0xee, 0x26, 0x5a, 0x26, 0xc4,
    0x08, 0xc7, 0x1f, 0x0f, 0xdc, 0xe2, 0xcd, 0x0f, 0x31, 0x66, 0xc1, 0xf5,
    0x32, 0x0d, 0x41, 0xda, 0x3d, 0xd5, 0xe5, 0x02, 0xcb, 0xc1, 0xac, 0x2f,
    0x01, 0xec, 0x08, 0x21, 0xf6, 0xed, 0xce, 0x22, 0xca, 0xc7, 0x0d, 0xdc,
    0xc0, 0x4f, 0xd0, 0x08, 0x47, 0x63, 0xe5, 0xc4, 0x3f, 0x51, 0x0a, 0xd6,
    0xd3, 0x1b, 0x09, 0x21, 0x09, 0x1c, 0x02, 0x55, 0x2b, 0xff, 0xc7, 0x13,
    0xf8, 0xea, 0x51, 0x24, 0xf5, 0xd8, 0x3f, 0xfb, 0xf0, 0x0d, 0x89, 0x29,
    0x21, 0xef, 0xb0, 0x05, 0x3d, 0x7f, 0xd5, 0xd0, 0x46, 0x9f, 0xb1, 0x33,
    0xe8, 0xcb, 0x3e, 0x2c, 0x29, 0x1c, 0xba, 0x03, 0x08, 0xe0, 0xe4, 0xca,
    0xf5, 0x03, 0x2b, 0x0c, 0xf4, 0xd2, 0xb6, 0x11, 0xd8, 0xfa, 0xca, 0x28,
    0xc7, 0x54, 0x0c, 0x16, 0xf6, 0xb6, 0x1c, 0xd0, 0x05, 0x35, 0xb3, 0x72,
    0x01, 0x14, 0xed, 0xc8, 0x11, 0x48, 0x17, 0xec, 0xee, 0xfd, 0x3d, 0xef,
    0xdb, 0xdb, 0xe0, 0x3d, 0x05, 0x14, 0x18, 0xec, 0x13, 0x01, 0x29, 0x07,
    0xe6, 0x00, 0x2a, 0xd1, 0x20, 0xd6, 0xd4, 0x0d, 0xe4, 0xf0, 0xdc, 0x1e,
    0x25, 0x09, 0xbd, 0x4f, 0x04, 0x3c, 0xde, 0xa2, 0xfb, 0xbe, 0x1f, 0x04,
    0xee, 0x0a, 0xfb, 0x06, 0x25, 0xbc, 0x1f, 0x0f, 0x36, 0x40, 0x05, 0xec,
    0xd9, 0xff, 0x06, 0x13, 0xd1, 0x1c, 0x31, 0xb8, 0x1c, 0xeb, 0x49, 0x02,
    0x08, 0xe7, 0x16, 0x0f, 0xb8, 0x24, 0xf7, 0xe1, 0x1d, 0x19, 0xc8, 0xe9,
    0x27, 0x21, 0xd6, 0xf3, 0x51, 0xe8, 0x13, 0xd3, 0xc8, 0xfc, 0x37, 0x05,
    0x81, 0xfe, 0xfc, 0x35, 0x6e, 0xdd, 0x02, 0x14, 0x15, 0x18, 0xfa, 0xf2,
    0xb1, 0xea, 0x01, 0x10, 0x2a, 0x26, 0xc8, 0xe2, 0xdc, 0x0c, 0x3c, 0x05,
    0xe0, 0x07, 0x30, 0xd8, 0x38, 0x26, 0x39, 0x3d, 0xe3, 0xde, 0xe6, 0xf1,
    0xf4, 0xd0, 0xcc, 0xfb, 0x36, 0x42, 0xef, 0xc0, 0xd4, 0xfc, 0x0c, 0xff,
    0xbc, 0x18, 0x0f, 0x27, 0x27, 0xce, 0xf8, 0x17, 0xfe, 0x52, 0xc0, 0x45,
    0x76, 0x02, 0xf6, 0xea, 0x6c, 0x4f, 0x56, 0xe4, 0xe1, 0x97, 0x42, 0x11,
    0xe4, 0xa5, 0xf1, 0x2e, 0xb8, 0x81, 0xdd, 0x18, 0x07, 0x05, 0xf8, 0xd5,
    0x1e, 0xb4, 0xfe, 0x06, 0xfb, 0xca, 0x38, 0x11, 0x45, 0xcf, 0xfd, 0xf7,
    0x3d, 0x1b, 0x31, 0xd0, 0xf6, 0x43, 0xa4, 0x5a, 0x91, 0x41, 0x32, 0xe5,
    0x6c, 0x15, 0x04, 0xc9, 0x3f, 0x71, 0xce, 0x75, 0xda, 0xc8, 0x17, 0xcd,
    0xff, 0xe3, 0xe9, 0x33, 0xe4, 0xc0, 0x24, 0xe7, 0xff, 0x01, 0xcf, 0x24,
    0x04, 0x28, 0xe5, 0xba, 0xc7, 0x35, 0x6f, 0x4b, 0x13, 0x53, 0x52, 0xa6,
    0x65, 0x38, 0xd4, 0xb2, 0x01, 0x0b, 0xcf, 0xe6, 0xd0, 0x26, 0x1e, 0x40,
    0x49, 0x10, 0xc5, 0x02, 0x04, 0xf1, 0xee, 0xe3, 0x2a, 0xcd, 0x28, 0x0f,
    0xf3, 0x1a, 0x1d, 0x1e, 0xbc, 0xf8, 0xef, 0xb0, 0xa2, 0x30, 0x0c, 0x3f,
    0xf7, 0xdd, 0x25, 0xd9, 0x0d, 0xf8, 0x32, 0xd2, 0x63, 0x52, 0x41, 0x35,
    0x33, 0x64, 0xfc, 0x5a, 0xd8, 0xf7, 0x0a, 0x07, 0x27, 0xc7, 0xba, 0xe3,
    0xf4, 0xc5, 0xd7, 0xf1, 0x48, 0x44, 0xb8, 0xf6, 0x35, 0xfb, 0xb5, 0xec,
    0xe7, 0xc2, 0x04, 0x18, 0xed, 0xd7, 0x05, 0xce, 0x49, 0x6e, 0xad, 0xff,
    0xce, 0xef, 0xfb, 0xe6, 0xbc, 0x02, 0xcf, 0xf4, 0xe8, 0xe6, 0xac, 0x18,
    0x7f, 0xef, 0xc7, 0x1c, 0x94, 0x30, 0x25, 0x11, 0x38, 0x1a, 0xdd, 0xc4,
    0xbf, 0xc0, 0xe7, 0x43, 0x34, 0x26, 0xd0, 0xdc, 0xfc, 0x42, 0xef, 0x0f,
    0x1e, 0xcd, 0xd4, 0xdd, 0xe9, 0x25, 0x2e, 0x36, 0xd0, 0x66, 0xe9, 0x01,
    0xd4, 0xd9, 0xc6, 0xdd, 0xed, 0xf0, 0xe7, 0x1a, 0xaa, 0x19, 0xa7, 0x3c,
    0x48, 0x5c, 0xd8, 0x28, 0xfc, 0xff, 0x0d, 0x02, 0xfb, 0xb8, 0x33, 0x08,
    0xf7, 0xeb, 0x3b, 0x14, 0xc8, 0x4a, 0xb9, 0xfc, 0xe0, 0xd9, 0x0e, 0xed,
    0xfc, 0xc5, 0xf2, 0x26, 0x18, 0xe5, 0xfb, 0xe3, 0xc1, 0x30, 0xb0, 0xfa,
    0x2d, 0x44, 0x1b, 0xb4, 0xd4, 0xd8, 0xfe, 0x13, 0xea, 0x04, 0xdc, 0xdc,
    0x60, 0x21, 0xe7, 0xf9, 0x2a, 0xe8, 0x69, 0x16, 0xcd, 0xbf, 0x1e, 0x0e,
    0xf8, 0x30, 0x2d, 0xf5, 0xd2, 0x07, 0xdb, 0x4f, 0xd7, 0xed, 0x26, 0x9d,
    0xf1, 0xd3, 0x16, 0x17, 0x17, 0x0e, 0xd6, 0xef, 0x1b, 0xec, 0xe3, 0x2d,
    0x00, 0x4a, 0x22, 0xfb, 0xff, 0xd5, 0x04, 0x0d, 0xbe, 0xe7, 0x94, 0x68,
    0x31, 0x06, 0xc6, 0x44, 0x06, 0x40, 0xed, 0xbf, 0xcf, 0x00, 0xc9, 0xcf,
    0xc9, 0x23, 0x24, 0xe3, 0x23, 0x1f, 0xfd, 0xcd, 0xda, 0x17, 0xbb, 0xf0,
    0xdb, 0xd7, 0x40, 0xbf, 0xd0, 0xd9, 0x03, 0xe0, 0xcb, 0x06, 0xe8, 0xdd,
    0x4d, 0x19, 0x05, 0x0c, 0x18, 0x9e, 0xa5, 0x1f, 0xd1, 0xb7, 0xf1, 0x62,
    0x24, 0x1a, 0xfd, 0x30, 0xde, 0x71, 0xca, 0xd2, 0x11, 0xa5, 0xde, 0xe1,
    0x09, 0x2d, 0x27, 0x33, 0x12, 0x2f, 0xd4, 0x2d, 0x10, 0x47, 0x2b, 0xb5,
    0x34, 0xfa, 0x26, 0xb6, 0xaa, 0xfa, 0x2e, 0x0f, 0xd8, 0x2d, 0xf7, 0xed,
    0x1f, 0x4e, 0x23, 0x39, 0x48, 0xaa, 0xa9, 0xe4, 0xce, 0xd5, 0xa6, 0x7f,
    0x20, 0x38, 0xfd, 0xfb, 0x02, 0x0e, 0xca, 0x8b, 0x0d, 0x56, 0xc6, 0xe9,
    0xda, 0xe2, 0x59, 0xc2, 0x0e, 0x36, 0x63, 0xce, 0xfa, 0x99, 0xe0, 0x7f,
    0xf3, 0x1a, 0xd1, 0x0e, 0x19, 0x3d, 0x1e, 0xea, 0x10, 0x33, 0xc7, 0x07,
    0xc8, 0xd1, 0x0c, 0x49, 0x14, 0xf9, 0xc6, 0xa2, 0x1a, 0x16, 0x01, 0x59,
    0x29, 0xd3, 0xd8, 0x72, 0x67, 0xca, 0xa1, 0x61, 0x0a, 0xf6, 0xdd, 0x31,
    0x2a, 0x45, 0x19, 0x16, 0x8f, 0x1c, 0x74, 0x53, 0xb9, 0x0d, 0x46, 0x73,
    0xc0, 0x2c, 0x4a, 0xae, 0x3f, 0x46, 0x14, 0x28, 0x3e, 0x44, 0xd5, 0xcf,
    0x55, 0xc3, 0x76, 0x4f, 0xf0, 0x1d, 0xcb, 0xee, 0x3b, 0x00, 0x94, 0x16,
    0xba, 0x1b, 0x50, 0x12, 0x0e, 0xa2, 0xa6, 0xfd, 0xe1, 0x67, 0x59, 0xca,
    0x51, 0xc5, 0xcb, 0x03, 0xf9, 0x2e, 0x13, 0xfd, 0xd8, 0xc2, 0x0f, 0xfa,
    0xec, 0x2d, 0x1b, 0xa0, 0x6b, 0x0c, 0x1e, 0x5a, 0x42, 0xae, 0x47, 0x49,
    0xbb, 0xc9, 0x62, 0xf6, 0x22, 0x43, 0xbf, 0x0e, 0x8d, 0x90, 0x8c, 0xb2,
    0x2f, 0xd5, 0x6b, 0x58, 0x04, 0xfd, 0xc4, 0x20, 0x08, 0xe0, 0x38, 0xe2,
    0x13, 0x32, 0xe2, 0xbf, 0xba, 0x22, 0xde, 0x2f, 0x2f, 0xf1, 0x33, 0xe8,
    0xfc, 0xc3, 0xbf, 0xbd, 0x05, 0xfc, 0x19, 0x09, 0xc3, 0xf4, 0x44, 0xff,
    0x0b, 0x31, 0xdd, 0xca, 0x00, 0xca, 0xe3, 0xa0, 0x13, 0xb7, 0xde, 0xd5,
    0x18, 0x77, 0xd5, 0x17, 0x72, 0x4d, 0xb5, 0xc8, 0xe0, 0xd9, 0x39, 0x24,
    0x27, 0xcd, 0x13, 0xea, 0x29, 0xfd, 0xf6, 0xc4, 0x0d, 0x21, 0xd4, 0xcc,
    0xff, 0x3b, 0xfa, 0xf6, 0xad, 0xfd, 0x36, 0x36, 0x5e, 0x26, 0xe5, 0x24,
    0xfc, 0x4d, 0xff, 0x1a, 0xdd, 0xaa, 0x53, 0x32, 0x28, 0x2a, 0xab, 0x52,
    0x4c, 0x6b, 0xae, 0x89, 0x78, 0xda, 0xf7, 0xf1, 0x3a, 0x00, 0xd8, 0xe8,
    0xd7, 0xf5, 0xeb, 0xc8, 0x21, 0x18, 0xf4, 0xdc, 0xc4, 0x3a, 0x19, 0x07,
    0xe3, 0x19, 0x4f, 0xad, 0xa8, 0x06, 0xda, 0xf0, 0x43, 0x31, 0xda, 0xb4,
    0xbd, 0x3f, 0xce, 0x50, 0x12, 0xbe, 0x27, 0xdf, 0x0a, 0xff, 0xcf, 0x44,
    0x48, 0x7f, 0x5c, 0x15, 0x00, 0x61, 0x93, 0xd3, 0xfb, 0x09, 0xf5, 0xdc,
    0xe8, 0x13, 0xfd, 0xf1, 0x15, 0x00, 0x08, 0xe1, 0x09, 0x0f, 0x27, 0x21,
    0xe0, 0x41, 0xff, 0x1b, 0x18, 0xdd, 0xf6, 0xf8, 0xe2, 0x07, 0x27, 0xf7,
    0xe0, 0x0c, 0xd5, 0x21, 0x22, 0x0a, 0xd6, 0x05, 0xc4, 0xdb, 0xeb, 0xd3,
    0xe8, 0xca, 0x13, 0x7f, 0x2b, 0x09, 0xeb, 0x3e, 0x17, 0x14, 0xe6, 0xdb,
    0xe7, 0xe2, 0x07, 0xe9, 0x00, 0xda, 0x0f, 0x2b, 0xe9, 0x01, 0xef, 0x02,
    0xd2, 0x3b, 0x12, 0xe6, 0x1e, 0xdb, 0x1c, 0xd7, 0x33, 0x16, 0x39, 0x1a,
    0xf8, 0xcf, 0xd1, 0x1e, 0xdf, 0xdd, 0x15, 0x1b, 0xf2, 0x12, 0xe4, 0xd0,
    0xe2, 0xd1, 0xd1, 0x2b, 0x02, 0x02, 0x0a, 0x14, 0x1e, 0x00, 0xf2, 0x10,
    0x0e, 0xdf, 0x03, 0xf7, 0xd9, 0x06, 0x0c, 0xfa, 0xed, 0xf0, 0xf8, 0x07,
    0xed, 0x05, 0xe3, 0xf9, 0x43, 0x22, 0x1c, 0x00, 0x0c, 0x0a, 0x1c, 0x12,
    0x1e, 0xd3, 0xe0, 0x0d, 0x02, 0x1e, 0xee, 0x10, 0xf5, 0x21, 0x24, 0xfa,
    0x13, 0xbd, 0xdd, 0x1b, 0x1a, 0xe7, 0x29, 0x44, 0x00, 0x25, 0x1e, 0x09,
    0xe9, 0xf2, 0xe7, 0xef, 0x01, 0xe9, 0x00, 0xe9, 0x06, 0xf9, 0x1b, 0x13,
    0x26, 0x15, 0xf2, 0xd6, 0xf8, 0xd0, 0xf4, 0x30, 0xfc, 0xe9, 0x1e, 0xdc,
    0x23, 0x13, 0xcb, 0x25, 0xe6, 0x3d, 0x4d, 0xd6, 0xf1, 0xd8, 0x3e, 0x2b,
    0xdd, 0x29, 0xb8, 0xad, 0x4a, 0xf4, 0xf7, 0x26, 0x0f, 0x08, 0x1c, 0xed,
    0x0a, 0x21, 0x29, 0xf4, 0x1c, 0x06, 0xea, 0xdd, 0xf2, 0x0b, 0xee, 0xf2,
    0x13, 0xec, 0x17, 0xd5, 0x08, 0x1a, 0xf2, 0x13, 0x0f, 0x1b, 0xfd, 0xd3,
    0x33, 0x0c, 0xec, 0xf0, 0x21, 0x45, 0x40, 0xc7, 0xf1, 0xea, 0x2c, 0xfe,
    0x81, 0x0a, 0xdd, 0x98, 0x34, 0x08, 0x1c, 0x22, 0xf5, 0x20, 0x0d, 0x0e,
    0xe5, 0xfa, 0x15, 0x26, 0xf9, 0xec, 0x11, 0xe5, 0xe4, 0x0f, 0xfe, 0xf2,
    0x22, 0x17, 0xe6, 0xf6, 0x0d, 0xf0, 0x29, 0x0a, 0xe2, 0x1c, 0xfe, 0xec,
    0xe4, 0xdc, 0xf2, 0x36, 0xeb, 0x2d, 0x43, 0xd1, 0xfa, 0xd3, 0xf7, 0xff,
    0xbf, 0xe6, 0xf3, 0xde, 0x61, 0xf5, 0x1f, 0x1d, 0x06, 0x09, 0x05, 0xdf,
    0xd2, 0x3c, 0xd3, 0xc7, 0x0f, 0x2a, 0xce, 0xf5, 0xdd, 0x2e, 0x12, 0xe0,
    0x08, 0xf2, 0x0f, 0xcb, 0xc9, 0xc6, 0xfe, 0xd6, 0xd1, 0xd9, 0xf4, 0xdd,
    0x33, 0x18, 0xd0, 0x22, 0x4c, 0xa1, 0x1d, 0xdb, 0x11, 0xf6, 0xcd, 0x56,
    0x6d, 0x42, 0xec, 0xfe, 0xe8, 0x4b, 0xc6, 0xc8, 0x00, 0xfe, 0xdb, 0xd7,
    0xca, 0x0d, 0xd0, 0x0a, 0x2e, 0xf5, 0xee, 0x2a, 0x17, 0x22, 0xf3, 0x17,
    0xf4, 0xd3, 0x1e, 0x05, 0xf5, 0xbb, 0xde, 0x0e, 0x24, 0xe8, 0xfc, 0xf5,
    0x39, 0x2e, 0x33, 0x20, 0x09, 0xd7, 0xb6, 0x09, 0xc5, 0xc0, 0x81, 0x0e,
    0x68, 0x44, 0xf1, 0xf2, 0x18, 0xfe, 0x08, 0xcf, 0x15, 0xbb, 0xf6, 0x18,
    0x15, 0xd8, 0xd7, 0xf6, 0x34, 0x25, 0xc9, 0xf7, 0x24, 0x22, 0x00, 0xc4,
    0x28, 0xfe, 0x38, 0x02, 0xc4, 0xdb, 0x16, 0xd4, 0x10, 0x2e, 0xf5, 0xd2,
    0xed, 0xf3, 0x21, 0xdb, 0x44, 0xf0, 0x16, 0xe0, 0xca, 0xc6, 0xe7, 0x0e,
    0x2a, 0x2c, 0xde, 0x05, 0x05, 0x78, 0xce, 0xee, 0xa1, 0x16, 0x18, 0x2a,
    0x0c, 0xdc, 0x32, 0xdf, 0xf9, 0x3c, 0x71, 0x3d, 0x3f, 0xfa, 0xca, 0xfa,
    0x39, 0x1a, 0x0f, 0xb8, 0xce, 0x96, 0xe1, 0xe7, 0xdf, 0xb6, 0x7f, 0x59,
    0xef, 0x1a, 0xe7, 0x1b, 0x08, 0x6f, 0xf8, 0x02, 0xfc, 0xcf, 0xcc, 0x11,
    0x47, 0xfe, 0xe8, 0x41, 0x03, 0xdf, 0xfc, 0xe1, 0x02, 0x1b, 0xe2, 0x2d,
    0x2f, 0xf7, 0x2d, 0xdf, 0x1d, 0xfb, 0x4d, 0xbe, 0xf6, 0x08, 0xad, 0x32,
    0xd1, 0xd7, 0x32, 0xe4, 0x11, 0xd5, 0x16, 0x4f, 0x23, 0xa3, 0xe3, 0xf3,
    0xe8, 0xd5, 0x0a, 0x26, 0x1b, 0x50, 0xfe, 0xf0, 0xe0, 0xf1, 0x3f, 0x4a,
    0x19, 0x30, 0xe9, 0x54, 0xf1, 0xf5, 0xdb, 0x6e, 0xfc, 0x3a, 0x4c, 0x3c,
    0x52, 0xce, 0xce, 0x3b, 0xba, 0x30, 0x58, 0x19, 0xd6, 0xf2, 0xe9, 0xd8,
    0xfa, 0xbf, 0x47, 0xc5, 0x63, 0x0a, 0x0a, 0xf6, 0xaa, 0xb5, 0xfd, 0x25,
    0x46, 0x4c, 0x26, 0xfc, 0xcd, 0x0d, 0x53, 0xf3, 0xf4, 0xcf, 0xd0, 0xef,
    0x58, 0xe0, 0x19, 0x54, 0xe4, 0xec, 0xc6, 0x67, 0x1e, 0x12, 0x1d, 0x2f,
    0xf3, 0xd5, 0x28, 0x51, 0x30, 0x0e, 0xdc, 0x3b, 0x3a, 0xd1, 0xda, 0xee,
    0xdf, 0x81, 0x25, 0x21, 0x17, 0x13, 0x41, 0x2c, 0xeb, 0x18, 0x00, 0x4b,
    0xf9, 0x16, 0xb7, 0xdc, 0x46, 0x97, 0x4d, 0x47, 0xfb, 0x3d, 0xd5, 0x3f,
    0x78, 0x43, 0xdb, 0x1a, 0x0a, 0x0f, 0xea, 0xe7, 0x01, 0xca, 0x34, 0x29,
    0xf2, 0xb3, 0xda, 0x09, 0x07, 0xca, 0x00, 0x22, 0x26, 0xbe, 0xe1, 0x30,
    0x2a, 0xe6, 0xa8, 0xa1, 0xdd, 0xbd, 0x3d, 0x28, 0x26, 0x13, 0x1e, 0xb1,
    0xed, 0x21, 0x24, 0xb8, 0xea, 0xc0, 0xe2, 0xe3, 0xb5, 0xe6, 0x8f, 0x32,
    0x6b, 0x7b, 0xbe, 0x16, 0xda, 0x1f, 0x42, 0xe3, 0x0b, 0xef, 0x0a, 0x35,
    0xe2, 0xbf, 0xe9, 0x21, 0x2f, 0xb6, 0xc6, 0xe7, 0x12, 0x26, 0x06, 0xff,
    0xf8, 0xcb, 0x09, 0x1e, 0xf6, 0xd8, 0xba, 0xfa, 0xe6, 0xd8, 0xd7, 0xeb,
    0xac, 0xf8, 0xe0, 0xb9, 0x49, 0xaa, 0x2a, 0xeb, 0x01, 0xa9, 0x13, 0x02,
    0x04, 0x3c, 0xb8, 0xd6, 0x4f, 0x6a, 0x12, 0xd5, 0x1f, 0xf5, 0xec, 0x07,
    0x2c, 0xd6, 0x2d, 0xd6, 0x1c, 0xb2, 0x32, 0xe8, 0xf9, 0x0f, 0xd4, 0x62,
    0x46, 0x30, 0xed, 0xc5, 0x0a, 0x07, 0xd3, 0x09, 0x22, 0x11, 0x32, 0xe4,
    0xfb, 0xc8, 0xd6, 0xfa, 0x8c, 0x18, 0x40, 0x26, 0x4d, 0xef, 0x09, 0xe2,
    0xfc, 0xf8, 0x30, 0x81, 0xfb, 0xdc, 0x17, 0x4c, 0x31, 0xf2, 0xcf, 0x27,
    0x21, 0x3c, 0x08, 0xd7, 0xfa, 0xcc, 0x0d, 0xd0, 0xe0, 0xe6, 0x35, 0x2d,
    0xed, 0x1d, 0xe4, 0xea, 0xd4, 0xc3, 0xe5, 0x41, 0xdd, 0x0b, 0x23, 0x37,
    0x26, 0xe8, 0xfd, 0x12, 0xc3, 0x13, 0x2d, 0xe3, 0x46, 0xce, 0x38, 0x2a,
    0xcf, 0x03, 0x2e, 0xea, 0xfa, 0xc7, 0xfd, 0x23, 0xec, 0xf0, 0x00, 0xcb,
    0xfa, 0xd2, 0xde, 0xcd, 0x3d, 0xc0, 0xee, 0x05, 0xe7, 0xcf, 0x06, 0x27,
    0x41, 0xed, 0xf0, 0xe9, 0x12, 0x39, 0xf1, 0xe3, 0x10, 0xf6, 0x23, 0xf1,
    0x10, 0x02, 0x00, 0xe7, 0xd3, 0x1d, 0x43, 0xed, 0x40, 0xf4, 0x32, 0xf1,
    0xc9, 0xdf, 0xd1, 0xb8, 0xd9, 0xe3, 0xcf, 0x6d, 0x35, 0x05, 0x1e, 0x06,
    0x81, 0x16, 0xef, 0xd4, 0xe4, 0x40, 0xcb, 0xed, 0x58, 0xe7, 0x0d, 0x21,
    0x3a, 0xce, 0x3b, 0x0b, 0xe8, 0xfe, 0xe2, 0xe1, 0x4d, 0x46, 0x8d, 0x11,
    0x03, 0xce, 0xa8, 0x34, 0x17, 0xdc, 0x2b, 0xc9, 0x0c, 0xe6, 0x16, 0x0c,
    0x0f, 0xd8, 0x5f, 0xff, 0xcb, 0x01, 0x46, 0xe0, 0xd1, 0x01, 0x1d, 0xd9,
    0x06, 0x3a, 0x4d, 0x2b, 0x44, 0x0f, 0x17, 0xcc, 0x3e, 0x53, 0xb5, 0x1c,
    0xcd, 0xc3, 0x40, 0x3d, 0xbf, 0xf0, 0x3e, 0xba, 0xbf, 0x4f, 0x9b, 0x07,
    0x22, 0xdf, 0xc5, 0x10, 0x36, 0xf0, 0xfe, 0xa0, 0x08, 0xc7, 0x4a, 0x40,
    0xe1, 0xd4, 0xe3, 0x4f, 0x1e, 0x33, 0x12, 0xe4, 0xfd, 0xa6, 0xbc, 0x27,
    0x9e, 0xdd, 0xa8, 0x1d, 0xf2, 0x4d, 0x01, 0xea, 0x61, 0x23, 0x0c, 0x39,
    0xc5, 0x12, 0xdc, 0xbc, 0xe7, 0x54, 0x0c, 0x1b, 0xc6, 0x03, 0xc1, 0x22,
    0x39, 0xc4, 0x94, 0xfc, 0x3d, 0x05, 0x54, 0xca, 0xd8, 0xd8, 0x21, 0xf1,
    0xf3, 0xe1, 0xf1, 0x5e, 0x43, 0xef, 0x3e, 0xe2, 0xfe, 0x60, 0x0a, 0xcb,
    0x7f, 0xbf, 0xd3, 0x13, 0xf4, 0xf3, 0x4b, 0x44, 0xde, 0xa2, 0xed, 0x06,
    0x3b, 0xf3, 0xe6, 0x0b, 0x1f, 0x06, 0xe9, 0x2b, 0x08, 0xdc, 0x1a, 0xe6,
    0x06, 0xd8, 0x25, 0x35, 0x0a, 0x42, 0xda, 0x21, 0x61, 0x27, 0xe3, 0xc3,
    0x49, 0xd4, 0xf7, 0xcd, 0x47, 0x14, 0xe8, 0x0b, 0xef, 0x22, 0xfa, 0x15,
    0x4c, 0xfa, 0xc8, 0x08, 0xce, 0x36, 0x0f, 0x16, 0xf4, 0xbe, 0x11, 0xe7,
    0x45, 0x0e, 0x04, 0x21, 0x26, 0xfe, 0x31, 0x02, 0xd6, 0xb2, 0x32, 0xe3,
    0xe9, 0xdc, 0xdb, 0x12, 0x54, 0x15, 0x23, 0xb1, 0x4c, 0x05, 0x2b, 0xc6,
    0xfa, 0xe5, 0xf2, 0x3d, 0x24, 0x10, 0xe4, 0x3b, 0xd6, 0x19, 0xed, 0x36,
    0x40, 0xe2, 0x26, 0x0f, 0x08, 0x09, 0x37, 0x4d, 0x28, 0xed, 0xd4, 0x15,
    0x31, 0xff, 0x08, 0x0c, 0xcb, 0xbe, 0x0d, 0xdc, 0xc8, 0xd9, 0xf3, 0xe4,
    0x17, 0xd9, 0x0a, 0xf4, 0x52, 0x32, 0x10, 0x04, 0xd5, 0xba, 0xdf, 0xc9,
    0x2a, 0xdc, 0xe3, 0x1b, 0x40, 0x22, 0x21, 0x17, 0xf0, 0xfe, 0x17, 0x10,
    0xe0, 0xd1, 0x37, 0xdb, 0xd9, 0x12, 0x0d, 0xf1, 0xe6, 0xfe, 0x03, 0x24,
    0x14, 0x13, 0xc7, 0xcc, 0x3f, 0xe8, 0xff, 0x21, 0xfe, 0xfe, 0x3f, 0x10,
    0x1d, 0xe7, 0xf9, 0x1d, 0x23, 0x47, 0x25, 0xe1, 0xfc, 0xbc, 0x4b, 0xe7,
    0x9e, 0xb7, 0xe1, 0xfd, 0x7f, 0xbf, 0x01, 0x67, 0x00, 0x24, 0x38, 0xce,
    0x34, 0x1c, 0x19, 0x1e, 0xc7, 0xd2, 0xfd, 0xc5, 0x37, 0xdd, 0x54, 0xf4,
    0xd1, 0xde, 0x14, 0x27, 0x0d, 0xcb, 0x39, 0xe9, 0xf2, 0x3f, 0xfa, 0x31,
    0xcb, 0xfb, 0xc5, 0x06, 0x34, 0x4c, 0xfd, 0xb1, 0x09, 0xc9, 0x21, 0xce,
    0x97, 0xf8, 0xd0, 0xdb, 0x38, 0xee, 0x44, 0x44, 0x07, 0x3b, 0xcf, 0xcd,
    0xf6, 0xfc, 0xd4, 0x0d, 0x03, 0x0a, 0xba, 0x19, 0x0d, 0x06, 0x31, 0x07,
    0xf4, 0xc9, 0x34, 0xec, 0x03, 0x2d, 0xe6, 0x1b, 0x25, 0x04, 0xe9, 0xcb,
    0x38, 0xda, 0x0a, 0x3d, 0xed, 0xfb, 0x49, 0xfc, 0xf1, 0xbd, 0x56, 0x29,
    0x9e, 0xf9, 0x16, 0xfe, 0x4e, 0xf1, 0x27, 0x23, 0x17, 0x49, 0xe5, 0xec,
    0x26, 0xae, 0x50, 0x2e, 0x3c, 0x04, 0x4c, 0xb5, 0x1e, 0xcb, 0xe3, 0x3b,
    0x25, 0x19, 0x2e, 0xbe, 0xf8, 0xd0, 0x3d, 0x1f, 0xf0, 0xf1, 0x4b, 0xb6,
    0xe3, 0xa4, 0x49, 0x18, 0xdd, 0x11, 0x29, 0x22, 0x03, 0x1e, 0x0b, 0x56,
    0x3c, 0x31, 0x4a, 0xe2, 0x52, 0xfd, 0xcb, 0xf2, 0xff, 0x3a, 0xb2, 0xb3,
    0x57, 0xe9, 0x26, 0xc4, 0xd4, 0x20, 0x4d, 0x0e, 0xfc, 0x14, 0xf5, 0x60,
    0x1c, 0x20, 0x1d, 0xc5, 0x6c, 0x14, 0x19, 0x43, 0xb4, 0xf1, 0x0a, 0x05,
    0x00, 0xe6, 0x7f, 0x4b, 0x29, 0x2a, 0x32, 0xd4, 0x99, 0xba, 0x07, 0x30,
    0xde, 0xf9, 0x04, 0x1e, 0x12, 0x99, 0x82, 0x1b, 0xe8, 0x45, 0xe8, 0xe5,
    0x15, 0xc0, 0x13, 0x4b, 0xc1, 0xfb, 0x09, 0x26, 0x0d, 0xbd, 0xe4, 0x35,
    0xe3, 0x1e, 0x11, 0xcc, 0x3b, 0xea, 0x03, 0xb1, 0x1a, 0x02, 0xd6, 0x36,
    0xc4, 0xb5, 0x38, 0x2e, 0xdc, 0x03, 0xdf, 0x19, 0xc9, 0xa4, 0x1f, 0x08,
    0xbd, 0xa2, 0x5f, 0x71, 0xf2, 0x9e, 0x00, 0x35, 0xdb, 0xfb, 0x1b, 0x1f,
    0x78, 0xe3, 0x22, 0x09, 0xdc, 0x4b, 0x5b, 0x08, 0x26, 0x98, 0x2a, 0xd7,
    0x1e, 0xde, 0x43, 0xd6, 0xe8, 0xc0, 0xd0, 0x20, 0x12, 0xbd, 0x1c, 0xf5,
    0xbc, 0x40, 0x41, 0xdd, 0xf4, 0x42, 0x57, 0xb9, 0xdd, 0x2d, 0x0b, 0x46,
    0x3e, 0x1c, 0xa5, 0x04, 0xd2, 0x55, 0x0a, 0x41, 0xa7, 0x58, 0xba, 0x20,
    0x7c, 0x16, 0xee, 0xc1, 0x1d, 0x22, 0x19, 0x4d, 0x1d, 0xc1, 0xb2, 0x1a,
    0x28, 0xd9, 0x3f, 0xc4, 0x17, 0xff, 0xab, 0x31, 0x38, 0xed, 0xec, 0xfd,
    0xaf, 0x2e, 0x33, 0xe7, 0x17, 0x35, 0x5c, 0xf3, 0xec, 0x31, 0xf2, 0xd7,
    0x1f, 0xea, 0x0a, 0xf8, 0xf4, 0x58, 0xd8, 0x50, 0xa6, 0x43, 0xd9, 0xe0,
    0x7f, 0x2d, 0x1a, 0xe6, 0xec, 0x2c, 0xee, 0x33, 0xc1, 0xf4, 0xe4, 0xf8,
    0x3e, 0xab, 0xb5, 0x04, 0xee, 0xfb, 0x1a, 0x08, 0x29, 0xc3, 0x0f, 0x31,
    0x0f, 0x3f, 0x04, 0x34, 0xf6, 0xe1, 0xf6, 0x24, 0x20, 0xb2, 0xe8, 0x14,
    0x06, 0x08, 0x2d, 0xd7, 0x3a, 0xf8, 0xef, 0x48, 0x00, 0xc2, 0x14, 0xf9,
    0xf2, 0xd1, 0xe9, 0x2b, 0xed, 0xfd, 0xe6, 0xeb, 0xf0, 0x0e, 0x0a, 0xee,
    0xfe, 0xec, 0x0d, 0x2d, 0x1e, 0x00, 0xe7, 0xd2, 0x19, 0x36, 0xe0, 0x29,
    0xeb, 0x05, 0x14, 0xd6, 0xd6, 0xca, 0xcf, 0x1a, 0xde, 0xd7, 0xfe, 0x08,
    0x0e, 0xe4, 0xdc, 0x7f, 0xe3, 0xe8, 0x13, 0xf3, 0x20, 0xf2, 0xf7, 0x1f,
    0xf1, 0x1d, 0xed, 0x25, 0x18, 0x17, 0x00, 0x15, 0xdc, 0x22, 0xec, 0xd3,
    0xe9, 0x00, 0xf4, 0x3e, 0x02, 0xf9, 0xed, 0xfe, 0xf1, 0x1d, 0xf1, 0xfd,
    0x23, 0x3e, 0x17, 0xd4, 0xef, 0x0a, 0x09, 0xf2, 0x0d, 0xf9, 0xf7, 0x24,
    0x0a, 0x1b, 0xe5, 0x66, 0xdf, 0xfa, 0x29, 0x0a, 0x13, 0xec, 0xe5, 0xfc,
    0x03, 0xc7, 0x22, 0x30, 0x05, 0x35, 0xbf, 0xfb, 0xdd, 0xf9, 0xe1, 0xd9,
    0xe6, 0xfa, 0xe6, 0x11, 0x21, 0x02, 0xec, 0xeb, 0x01, 0x1a, 0xe6, 0x33,
    0xf4, 0xff, 0x3b, 0xed, 0x1a, 0xd7, 0x04, 0x16, 0xf8, 0xd2, 0x1c, 0xf1,
    0xf7, 0x1f, 0xdf, 0x4f, 0xdc, 0xf3, 0x52, 0x1f, 0xc3, 0x34, 0xfa, 0xda,
    0x5b, 0x23, 0x42, 0x0b, 0xf9, 0x6b, 0x09, 0x46, 0x43, 0xf5, 0xdf, 0xd1,
    0xec, 0xc1, 0xfe, 0xdc, 0xc2, 0x15, 0xc8, 0xf8, 0x21, 0xd1, 0x06, 0x5c,
    0xf9, 0xe7, 0x22, 0xe2, 0x10, 0xd3, 0x39, 0x43, 0x50, 0x08, 0xca, 0xa2,
    0x7f, 0x49, 0x26, 0x11, 0x10, 0xf4, 0x23, 0xff, 0xdb, 0xd8, 0x1f, 0x0b,
    0x77, 0x33, 0xd8, 0x0b, 0xd3, 0xe9, 0xd7, 0x3e, 0xc9, 0x01, 0xb6, 0xf9,
    0xd7, 0x16, 0xcb, 0xe8, 0xe5, 0x0c, 0xeb, 0x23, 0x27, 0xfd, 0xf2, 0x15,
    0xbf, 0xf8, 0x51, 0x0f, 0xf9, 0xf7, 0x28, 0x0c, 0x24, 0xba, 0x2b, 0x1c,
    0x0e, 0x35, 0xca, 0x36, 0x26, 0x5d, 0xf0, 0x30, 0x03, 0xe7, 0xe2, 0x37,
    0xec, 0xd7, 0x0b, 0x0a, 0xe7, 0x32, 0xed, 0xe9, 0xff, 0x3c, 0x1e, 0xe2,
    0x42, 0xae, 0x1b, 0x34, 0x0b, 0x0e, 0xf8, 0x23, 0xe5, 0xa3, 0x4b, 0x22,
    0x26, 0x2d, 0xe9, 0xee, 0x10, 0xde, 0xdf, 0x18, 0x48, 0x1c, 0x32, 0xe4,
    0xf8, 0x10, 0xf6, 0xce, 0xb8, 0x1f, 0xd7, 0xce, 0xe4, 0x31, 0x0c, 0xf4,
    0x7f, 0x22, 0x04, 0xac, 0x32, 0x4a, 0x10, 0xf4, 0x13, 0xdd, 0xe7, 0xf0,
    0x3d, 0xf2, 0x1b, 0xf3, 0xec, 0xbb, 0xdc, 0xfe, 0x18, 0xbd, 0x30, 0x07,
    0xc3, 0xdb, 0x40, 0x1e, 0x49, 0x02, 0xe8, 0xc3, 0x41, 0xef, 0x1f, 0xbf,
    0x69, 0xe7, 0xe6, 0xfe, 0x1d, 0x06, 0xb0, 0x07, 0xb7, 0x45, 0xec, 0x3f,
    0x6c, 0x26, 0x43, 0xcd, 0xd4, 0x42, 0x32, 0xeb, 0x04, 0x1b, 0xd4, 0xf7,
    0x17, 0x2a, 0xe2, 0x3c, 0xdf, 0xea, 0xc0, 0xc6, 0xfb, 0xa3, 0xec, 0x24,
    0x04, 0x1a, 0x59, 0x18, 0x0a, 0x26, 0x1d, 0xdb, 0xfe, 0x09, 0xd2, 0x06,
    0x4a, 0xef, 0xf7, 0xfe, 0x5b, 0x1a, 0x2a, 0x29, 0xfe, 0x4b, 0xd5, 0xe7,
    0x2e, 0x11, 0x22, 0xb9, 0x2c, 0x18, 0x06, 0x02, 0xf3, 0xe0, 0xd2, 0xd9,
    0xd6, 0xe5, 0xc4, 0xda, 0x25, 0x05, 0x15, 0xfa, 0x16, 0x07, 0x2a, 0x2f,
    0x43, 0x3c, 0x0a, 0xf9, 0xde, 0x2b, 0x15, 0x12, 0x32, 0x2a, 0xed, 0xc8,
    0xf5, 0x28, 0x24, 0x0c, 0x11, 0x09, 0xbf, 0x0a, 0x30, 0x1a, 0x32, 0x17,
    0xe3, 0x03, 0x28, 0x3b, 0xf8, 0x02, 0x2d, 0xb9, 0xd2, 0xc4, 0x36, 0x36,
    0x1b, 0x10, 0xc7, 0xb6, 0xf5, 0x14, 0xf2, 0x25, 0xde, 0x1a, 0xcb, 0x13,
    0xc9, 0xec, 0x36, 0xda, 0xf3, 0xf6, 0x05, 0x49, 0x4d, 0xb5, 0xf1, 0xeb,
    0xd2, 0x31, 0xed, 0xe2, 0xf9, 0x00, 0x23, 0xed, 0x14, 0xd3, 0x37, 0xb8,
    0xca, 0x25, 0x13, 0xeb, 0xed, 0x25, 0x1e, 0xa7, 0x10, 0x1a, 0xb7, 0x64,
    0x3e, 0x40, 0xd6, 0xc9, 0x0a, 0xd7, 0xda, 0x0c, 0x21, 0x16, 0x2f, 0x0a,
    0x25, 0xeb, 0x31, 0x0b, 0x13, 0x43, 0x05, 0xf7, 0x2b, 0xb9, 0x03, 0x09,
    0x2e, 0xdc, 0x18, 0xcb, 0x11, 0x10, 0xc2, 0xef, 0x1f, 0xb8, 0xdc, 0xf8,
    0xf0, 0xff, 0x34, 0xfd, 0x14, 0xf4, 0x1b, 0xa0, 0xc7, 0x35, 0xe9, 0x7f,
    0xfe, 0x17, 0xf6, 0xd6, 0xe2, 0x13, 0xf3, 0x31, 0x10, 0xec, 0xe2, 0xdf,
    0x46, 0x21, 0x55, 0x1e, 0xde, 0x1f, 0xa4, 0xe9, 0x1e, 0x2e, 0x07, 0xd2,
    0xfc, 0xf5, 0x3c, 0xd8, 0xce, 0x26, 0xaf, 0x11, 0xa2, 0x38, 0x2c, 0x3e,
    0x7f, 0xd1, 0xb4, 0x92, 0xc7, 0xe1, 0x6c, 0x61, 0x33, 0x30, 0x21, 0x0d,
    0xf3, 0xd5, 0xf9, 0x2d, 0xf4, 0x02, 0x3e, 0x4d, 0x1b, 0x12, 0x08, 0x03,
    0xe5, 0xc6, 0x16, 0x45, 0xb7, 0xf2, 0x0d, 0xe2, 0x27, 0xba, 0xac, 0x0e,
    0xfc, 0xcf, 0xf3, 0x22, 0x58, 0x4a, 0x30, 0x7d, 0xa9, 0x1c, 0x0d, 0x05,
    0x1b, 0xb7, 0xe0, 0x08, 0x1b, 0x61, 0x15, 0xd9, 0xf1, 0xb5, 0x0a, 0x31,
    0x1b, 0xea, 0xb9, 0x3e, 0xfc, 0xe0, 0xc2, 0x28, 0x08, 0xb5, 0x0e, 0xf0,
    0x52, 0xdc, 0x1b, 0x31, 0xe9, 0x33, 0x29, 0xc7, 0x7f, 0x01, 0xf4, 0xae,
    0x1a, 0xe9, 0x15, 0x2a, 0x59, 0xf6, 0xd7, 0x70, 0xac, 0x1d, 0x0a, 0x14,
    0x23, 0x33, 0x51, 0xa3, 0x19, 0xfc, 0x2d, 0x56, 0x53, 0xee, 0xcd, 0xea,
    0x52, 0xaa, 0xcb, 0xe0, 0x43, 0x29, 0xff, 0x3d, 0x27, 0xf7, 0xec, 0xe0,
    0x29, 0x1c, 0x75, 0xfd, 0xd7, 0x14, 0xf9, 0xfe, 0x64, 0x16, 0xcb, 0xb0,
    0x0d, 0x11, 0xd6, 0x38, 0x36, 0xdb, 0xcb, 0xff, 0xeb, 0x6d, 0xc8, 0x08,
    0x0b, 0xbc, 0xfa, 0x50, 0x03, 0x26, 0x3a, 0xef, 0x28, 0xf2, 0xfd, 0x28,
    0xce, 0xe6, 0xd1, 0x2f, 0x7f, 0x3d, 0x1e, 0xc4, 0x0e, 0x23, 0x51, 0x42,
    0xc8, 0xec, 0x27, 0x28, 0x62, 0xe8, 0x2b, 0x1f, 0xa9, 0x03, 0xe5, 0xde,
    0xea, 0xca, 0xed, 0x03, 0x09, 0xbc, 0xc2, 0xff, 0x12, 0x48, 0x3b, 0xa9,
    0xe9, 0x20, 0x1e, 0x25, 0xd8, 0x1a, 0x58, 0x30, 0xd5, 0xd8, 0xd5, 0x1e,
    0xf3, 0x16, 0x2b, 0x02, 0x2e, 0xea, 0xd3, 0x20, 0x31, 0xce, 0xfa, 0xe0,
    0xf3, 0x27, 0x28, 0x26, 0xf2, 0x36, 0x35, 0x0f, 0xfc, 0x11, 0x5f, 0x0a,
    0x13, 0xd4, 0x04, 0x37, 0x54, 0xf3, 0xbd, 0x0d, 0xe7, 0x0d, 0xfd, 0x02,
    0x4b, 0xf6, 0x13, 0x1f, 0x25, 0x39, 0x09, 0xe3, 0x08, 0xbd, 0x3d, 0x0d,
    0x0a, 0xe7, 0xcc, 0x2b, 0x37, 0x1c, 0x45, 0xe4, 0x07, 0xc7, 0xe8, 0xff,
    0x30, 0x0f, 0x2c, 0x4b, 0xf4, 0x2b, 0x0a, 0xd3, 0x17, 0xde, 0x3e, 0x3c,
    0xb5, 0xfb, 0x7a, 0x55, 0x06, 0x0f, 0x1f, 0xe8, 0x0c, 0x5c, 0x45, 0xe9,
    0xf0, 0xc1, 0xd2, 0xc6, 0x03, 0xd2, 0x3f, 0xda, 0x15, 0xdd, 0xf4, 0x47,
    0xf3, 0x18, 0x12, 0xbd, 0x53, 0xf6, 0xd1, 0x16, 0xf2, 0x51, 0x4d, 0x23,
    0xf0, 0x1a, 0xb3, 0x12, 0x3e, 0x3a, 0xf6, 0x20, 0x01, 0xbd, 0x1b, 0x04,
    0xb3, 0xc3, 0xf9, 0x24, 0xec, 0xdf, 0xe6, 0xf9, 0x01, 0xfd, 0xca, 0xd5,
    0xeb, 0x0a, 0xce, 0xfb, 0x32, 0x48, 0x1e, 0x5d, 0xe9, 0xc2, 0xef, 0xeb,
    0x09, 0x25, 0x42, 0xc0, 0x6c, 0x45, 0xb6, 0xe6, 0xbd, 0xfb, 0xf9, 0x0f,
    0xfa, 0x18, 0xeb, 0x0c, 0x10, 0x5a, 0x13, 0xa6, 0xb4, 0xdd, 0xf0, 0x23,
    0xfc, 0xb2, 0x3c, 0xe1, 0x45, 0x28, 0xd5, 0x2c, 0x02, 0x02, 0xbd, 0xef,
    0x16, 0x2c, 0xf4, 0x0d, 0x46, 0xf5, 0xeb, 0xef, 0x31, 0x16, 0xc6, 0x1d,
    0x0c, 0x3b, 0x3d, 0xc5, 0x7f, 0xf9, 0xd0, 0x27, 0xc2, 0xd5, 0x35, 0x50,
    0x3a, 0xca, 0x2f, 0xe5, 0x2f, 0x44, 0x2b, 0xed, 0xdc, 0xfc, 0x75, 0xb8,
    0xee, 0xaf, 0x4a, 0x00, 0xf6, 0xd1, 0x20, 0x2a, 0x17, 0xfc, 0x0f, 0x03,
    0xf3, 0xf0, 0xc7, 0xd4, 0xc9, 0x12, 0xb4, 0x24, 0x24, 0xd2, 0xc5, 0x00,
    0xf7, 0x06, 0x2a, 0xd5, 0xe7, 0x1f, 0x07, 0x35, 0x32, 0xec, 0x03, 0xbd,
    0xd6, 0x43, 0xdc, 0x21, 0x67, 0xa9, 0xc9, 0xc4, 0x1d, 0x01, 0xbc, 0x30,
    0x7f, 0x60, 0xd5, 0xea, 0xe2, 0x03, 0xdb, 0xe1, 0x0f, 0xc7, 0x2c, 0xf7,
    0xf8, 0xf5, 0xd2, 0xec, 0x34, 0x11, 0xf3, 0xe8, 0x21, 0x1c, 0xb8, 0xd3,
    0x28, 0xd1, 0x08, 0xef, 0x03, 0xff, 0xf0, 0x2a, 0xf1, 0x0c, 0xe3, 0x1b,
    0xdb, 0x28, 0xf2, 0xec, 0x04, 0xba, 0x07, 0x20, 0xff, 0xc9, 0xfd, 0x0c,
    0x31, 0x79, 0x2c, 0xfc, 0x1c, 0x49, 0xf6, 0xc8, 0x19, 0xda, 0xce, 0x24,
    0xc7, 0x21, 0xd0, 0xe0, 0xec, 0x2a, 0xd9, 0xfd, 0x17, 0xed, 0xba, 0x0c,
    0x28, 0xfa, 0x04, 0xb8, 0xed, 0xf5, 0x0b, 0xf9, 0xd7, 0x20, 0xee, 0xd2,
    0xc0, 0xdd, 0x29, 0x20, 0xf3, 0xcc, 0xc5, 0xe0, 0xec, 0x10, 0xa5, 0xf9,
    0x4e, 0x3a, 0x17, 0x0a, 0x28, 0x48, 0xc1, 0xfd, 0xd4, 0xd6, 0x59, 0x33,
    0xf7, 0x15, 0x19, 0x4d, 0x60, 0xc0, 0x0f, 0xce, 0x23, 0x19, 0xe2, 0xe2,
    0x48, 0xa9, 0x32, 0xb2, 0xf9, 0xb8, 0x03, 0x41, 0x02, 0x4b, 0xd1, 0x9e,
    0xf8, 0xc6, 0xeb, 0x2d, 0x2f, 0xd4, 0xc6, 0xe6, 0xb7, 0x01, 0x04, 0xe9,
    0xcb, 0x63, 0xb6, 0xd6, 0x05, 0x22, 0xa7, 0xcf, 0xf3, 0x01, 0xf7, 0xa2,
    0xed, 0xff, 0xc8, 0x23, 0xc9, 0xde, 0xdd, 0x1b, 0x10, 0xe6, 0x1b, 0xdf,
    0x3e, 0x32, 0x08, 0x30, 0xc0, 0xf6, 0x36, 0x2f, 0x0f, 0xf7, 0xdc, 0xbd,
    0x49, 0x54, 0x23, 0xe9, 0x34, 0xa1, 0x9b, 0x0a, 0x34, 0xe8, 0xc1, 0x1a,
    0x53, 0x7d, 0x31, 0xca, 0x10, 0xd6, 0xda, 0xc6, 0x43, 0x2e, 0x2f, 0xb8,
    0x96, 0xe9, 0x41, 0x49, 0xfd, 0xdd, 0xcb, 0xf9, 0xa8, 0x40, 0x1d, 0xee,
    0xe8, 0xe6, 0xf4, 0xd1, 0xbd, 0xcc, 0xef, 0x36, 0x38, 0xb8, 0xe4, 0xd9,
    0xfb, 0xd6, 0xf3, 0x37, 0x60, 0xb9, 0x01, 0x29, 0xe5, 0xfc, 0xe5, 0x3b,
    0x7f, 0x5c, 0xfa, 0xe3, 0x1f, 0x5c, 0xe2, 0xbe, 0x0d, 0xf4, 0xdc, 0xf7,
    0xb6, 0x1e, 0xd7, 0xf5, 0xde, 0x2a, 0xf9, 0xd4, 0xee, 0x1d, 0xc2, 0xec,
    0xec, 0x1e, 0xca, 0x0a, 0xcc, 0xf7, 0xec, 0xf2, 0x35, 0xef, 0x0d, 0x2a,
    0xe1, 0x01, 0xb6, 0xed, 0xed, 0xa3, 0xf3, 0x11, 0x18, 0xf0, 0xe3, 0x2e,
    0x28, 0x23, 0x2b, 0x00, 0xe5, 0x49, 0x0c, 0x0b, 0xdd, 0xd4, 0x22, 0x37,
    0x1e, 0xed, 0xdd, 0x07, 0x27, 0xeb, 0x0a, 0xfa, 0x24, 0xdf, 0xa4, 0xe0,
    0x33, 0xd9, 0x0c, 0x11, 0xba, 0x33, 0x35, 0x04, 0xe3, 0x09, 0x0e, 0xde,
    0x33, 0x1a, 0xc7, 0x41, 0x2f, 0xe4, 0xf3, 0xe2, 0x14, 0x0e, 0xcc, 0x0b,
    0x71, 0x4b, 0xfb, 0x29, 0x06, 0x02, 0xaf, 0xbd, 0x60, 0xa4, 0x09, 0xfd,
    0xfa, 0x17, 0xf9, 0x19, 0x2b, 0x42, 0xc3, 0x00, 0xe8, 0xf9, 0xe4, 0x00,
    0x07, 0xdf, 0x1b, 0xe8, 0x04, 0xc9, 0x06, 0xd8, 0xc6, 0x10, 0xad, 0xff,
    0x1b, 0x2e, 0xc4, 0x0d, 0x23, 0xbf, 0x0d, 0xf6, 0x19, 0xf8, 0xbd, 0x55,
    0x47, 0x7f, 0xf7, 0xca, 0x5f, 0x03, 0xec, 0xcc, 0x05, 0x25, 0x23, 0xd7,
    0xdc, 0xc7, 0x2c, 0xd5, 0xc0, 0x07, 0xdc, 0xef, 0x24, 0x04, 0xd4, 0xd4,
    0x43, 0xba, 0x35, 0xe9, 0x2c, 0xf4, 0x29, 0x0d, 0xf8, 0xf3, 0xd7, 0xce,
    0x30, 0x0b, 0xf3, 0x41, 0x0f, 0x66, 0xd3, 0xb0, 0xc0, 0xda, 0xe0, 0x4b,
    0xfc, 0x45, 0xd3, 0x37, 0x5d, 0xc1, 0x08, 0xce, 0x0f, 0xda, 0xfd, 0x02,
    0xaf, 0xd5, 0xcc, 0xf0, 0xe2, 0x20, 0xc3, 0xd6, 0xf2, 0xee, 0xc8, 0x58,
    0xba, 0x11, 0x32, 0xfc, 0xa0, 0xb2, 0x1f, 0xd5, 0x06, 0x00, 0xe9, 0xf9,
    0xf0, 0x1b, 0x29, 0xd8, 0x60, 0xf5, 0x23, 0x95, 0xcd, 0xa1, 0x23, 0x0b,
    0x69, 0x09, 0x4c, 0x37, 0x1c, 0xfb, 0xab, 0xf9, 0x0d, 0xe2, 0xfd, 0xff,
    0x21, 0x30, 0x2a, 0xdf, 0xeb, 0x6c, 0xe0, 0xbc, 0x18, 0x1e, 0x03, 0xd5,
    0x03, 0xf6, 0x2c, 0x19, 0xf2, 0x09, 0xe1, 0x33, 0xcb, 0x28, 0x02, 0xa4,
    0xc8, 0xea, 0xa4, 0x6b, 0x05, 0x71, 0xc5, 0x05, 0x33, 0x17, 0xf7, 0x1e,
    0x1e, 0x50, 0xd0, 0x3c, 0x7f, 0xe4, 0x28, 0x0f, 0xa6, 0xf9, 0xff, 0xff,
    0x04, 0x00, 0x00, 0x00, 0x80, 0x00, 0x00, 0x00, 0x92, 0xf9, 0xff, 0xff,
    0x44, 0xf5, 0xff, 0xff, 0x86, 0xfb, 0xff, 0xff, 0x07, 0x0a, 0x00, 0x00,
    0xbc, 0x00, 0x00, 0x00, 0x77, 0xf8, 0xff, 0xff, 0xfd, 0x0d, 0x00, 0x00,
    0xd9, 0x10, 0x00, 0x00, 0xd0, 0xe7, 0xff, 0xff, 0x2a, 0x04, 0x00, 0x00,
    0x17, 0xfc, 0xff, 0xff, 0xf6, 0xfc, 0xff, 0xff, 0x9b, 0x0c, 0x00, 0x00,
    0x8e, 0xf2, 0xff, 0xff, 0x2f, 0x0f, 0x00, 0x00, 0x96, 0xfa, 0xff, 0xff,
    0x25, 0x0b, 0x00, 0x00, 0xa2, 0xf3, 0xff, 0xff, 0xe1, 0xfa, 0xff, 0xff,
    0xad, 0xf1, 0xff, 0xff, 0x6b, 0xf1, 0xff, 0xff, 0x2a, 0x05, 0x00, 0x00,
    0xcf, 0xfb, 0xff, 0xff, 0x98, 0xf3, 0xff, 0xff, 0x61, 0xf8, 0xff, 0xff,
    0x65, 0xf0, 0xff, 0xff, 0x17, 0xec, 0xff, 0xff, 0x6f, 0xf6, 0xff, 0xff,
    0xcc, 0x0b, 0x00, 0x00, 0x04, 0x09, 0x00, 0x00, 0xe3, 0x0a, 0x00, 0x00,
    0x46, 0x04, 0x00, 0x00, 0x32, 0xfa, 0xff, 0xff, 0x04, 0x00, 0x00, 0x00,
    0x00, 0x04, 0x00, 0x00, 0xfd, 0x14, 0xa4, 0x81, 0x25, 0x1d, 0xf5, 0xf7,
    0x99, 0x05, 0xcb, 0xfe, 0x01, 0xfa, 0x8c, 0xfb, 0x71, 0xb7, 0x3c, 0xe7,
    0xe6, 0xf4, 0x03, 0x81, 0xea, 0x07, 0x5a, 0x1f, 0xa7, 0x28, 0x8e, 0x44,
    0xf2, 0x00, 0x00, 0xfe, 0x00, 0x00, 0x90, 0x00, 0x00, 0xff, 0x81, 0x00,
    0xd9, 0x00, 0x00, 0xfe, 0xe3, 0x00, 0x00, 0x00, 0x00, 0xf9, 0x00, 0x7c,
    0x00, 0x00, 0xa9, 0x00, 0x0d, 0x00, 0x00, 0x00, 0x8f, 0x9f, 0xa6, 0x47,
    0x33, 0xfa, 0x2d, 0x32, 0xbc, 0xea, 0xe6, 0xd5, 0x1e, 0xf9, 0x1d, 0x3a,
    0x21, 0xeb, 0xa7, 0x81, 0xe8, 0x5d, 0x11, 0x31, 0xfa, 0x09, 0x1a, 0xaa,
    0x36, 0x2c, 0x2f, 0xe6, 0x2f, 0xe6, 0x29, 0xe5, 0x39, 0xb1, 0xa3, 0xa7,
    0x63, 0x24, 0x42, 0x7f, 0xc9, 0x25, 0xbf, 0x4a, 0xba, 0x1e, 0x04, 0x41,
    0x01, 0xce, 0xb5, 0xfc, 0xdf, 0x9c, 0x4e, 0x4c, 0x34, 0xbc, 0x0a, 0x1b,
    0xec, 0xd6, 0x55, 0x5b, 0xad, 0x5b, 0xe4, 0x04, 0x26, 0xa4, 0xf4, 0xb6,
    0x6f, 0x34, 0x1d, 0xc1, 0x9b, 0x62, 0xb2, 0xbb, 0x5a, 0x7f, 0x1d, 0x51,
    0xbd, 0x14, 0x1e, 0x17, 0xec, 0x03, 0xc5, 0xfb, 0x37, 0x2a, 0x8c, 0x7e,
    0x92, 0x4e, 0x93, 0x87, 0xd2, 0x67, 0xd9, 0xea, 0xb9, 0xcc, 0xc6, 0x46,
    0xde, 0xc6, 0xb3, 0xb6, 0x3f, 0x8b, 0x54, 0x1c, 0x78, 0x81, 0xfc, 0x3f,
    0xf5, 0xe6, 0x00, 0xc6, 0xa2, 0xaf, 0xaf, 0x58, 0x65, 0xb8, 0x7f, 0x56,
    0xfa, 0x31, 0xb0, 0x02, 0xea, 0x41, 0x25, 0xd6, 0xa6, 0x06, 0x85, 0x05,
    0x45, 0xed, 0xc4, 0x2e, 0xd8, 0x06, 0x0b, 0xbc, 0x7c, 0x48, 0x1e, 0xb6,
    0x54, 0x62, 0xa3, 0x72, 0xc9, 0xa6, 0x03, 0x52, 0x18, 0xf4, 0x56, 0x83,
    0xde, 0x26, 0xa9, 0x2d, 0xca, 0x69, 0x28, 0xe3, 0xfb, 0x7f, 0x4c, 0xcd,
    0x8a, 0x50, 0xc4, 0x15, 0x16, 0x15, 0xbf, 0xbd, 0xe5, 0x35, 0x8b, 0x0f,
    0x07, 0x03, 0x27, 0x72, 0x81, 0x76, 0xa0, 0xc6, 0x7d, 0x9d, 0xbc, 0xea,
    0x7d, 0xce, 0xc7, 0x1a, 0xe8, 0xee, 0x11, 0x94, 0xc5, 0xb3, 0xcd, 0xde,
    0x52, 0x2d, 0x60, 0x04, 0xc7, 0x56, 0x0d, 0x1a, 0x60, 0xf1, 0x43, 0xd9,
    0x47, 0x37, 0xb7, 0xbf, 0x50, 0x29, 0xa4, 0xd7, 0x25, 0xaf, 0x5b, 0x0d,
    0x9d, 0xb8, 0xee, 0x81, 0x49, 0xf7, 0x27, 0xc4, 0xd1, 0x39, 0x2c, 0x60,
    0xf1, 0xa0, 0x09, 0x81, 0x05, 0xd8, 0x7c, 0xcc, 0xb6, 0xc9, 0xde, 0x7d,
    0xcc, 0xe1, 0x48, 0xfa, 0x22, 0xd4, 0x33, 0xe0, 0xe9, 0x11, 0xf7, 0xe7,
    0xd0, 0x0c, 0x5b, 0xb9, 0xf7, 0xb5, 0xbd, 0xdf, 0xf3, 0x4f, 0x66, 0xac,
    0x3d, 0x25, 0xf6, 0x02, 0x4f, 0xa9, 0x7f, 0x57, 0xcf, 0x36, 0x31, 0x11,
    0xa3, 0xf3, 0x63, 0x63, 0x36, 0x54, 0xeb, 0x51, 0xbe, 0x59, 0xf6, 0x2f,
    0xbb, 0xd7, 0xb2, 0x36, 0x77, 0xd8, 0x93, 0x33, 0xd6, 0x51, 0xdb, 0xd7,
    0x1d, 0x04, 0xb9, 0x2d, 0x0e, 0x85, 0x5c, 0xe8, 0x28, 0x5e, 0x2a, 0x2a,
    0x72, 0xb6, 0xec, 0x7f, 0xdd, 0x3e, 0xbc, 0x4e, 0x43, 0xea, 0x3f, 0xa3,
    0xbe, 0xf5, 0x27, 0x27, 0xe2, 0xe6, 0x30, 0xd2, 0xcf, 0x21, 0xa8, 0x17,
    0xd9, 0x36, 0x55, 0xab, 0x1f, 0xb1, 0x81, 0x9c, 0xe5, 0x75, 0x5b, 0xab,
    0x49, 0xaf, 0xd6, 0x30, 0x78, 0xaf, 0x0b, 0x6e, 0x7a, 0x18, 0x74, 0x44,
    0x41, 0x49, 0xe4, 0xb7, 0x5d, 0xc1, 0x75, 0xd1, 0xf7, 0xee, 0x8d, 0xdf,
    0x18, 0x53, 0x00, 0xf6, 0xfd, 0x15, 0x49, 0x7f, 0x07, 0x48, 0xe7, 0x15,
    0xb4, 0x93, 0x64, 0x25, 0x5f, 0xf1, 0xb2, 0x25, 0xad, 0x47, 0x12, 0xc6,
    0xe5, 0xc4, 0x72, 0x83, 0x62, 0xe5, 0x78, 0x3a, 0xb3, 0xfa, 0xa5, 0x28,
    0x2e, 0x0d, 0x47, 0x7f, 0xce, 0xf9, 0xb0, 0xb9, 0x35, 0x72, 0xa4, 0x4c,
    0x7f, 0x2f, 0xd6, 0x25, 0xbe, 0xe2, 0x96, 0x25, 0x38, 0x5f, 0x52, 0xc7,
    0x2b, 0xdf, 0x3f, 0x84, 0x00, 0x0d, 0x98, 0x99, 0x7b, 0x1a, 0x59, 0x23,
    0xdf, 0x0d, 0x54, 0xfd, 0xa6, 0xe1, 0xdb, 0x61, 0xf8, 0xe8, 0xc1, 0x48,
    0x21, 0x22, 0x0e, 0x57, 0xe9, 0x2a, 0xb1, 0x3d, 0x0d, 0x9c, 0x28, 0xc5,
    0x58, 0xd1, 0x8d, 0xef, 0xdb, 0x3a, 0xbe, 0xa5, 0xb1, 0x19, 0xbd, 0x81,
    0x50, 0x17, 0x47, 0x62, 0xd5, 0x67, 0xcb, 0x83, 0xd1, 0xc9, 0xcd, 0xc6,
    0xf8, 0xd3, 0x35, 0xe4, 0xd1, 0xad, 0x0b, 0xd6, 0xd1, 0xd8, 0xfd, 0xf9,
    0xcd, 0xd1, 0xcf, 0xfd, 0x81, 0xd1, 0xe1, 0xdb, 0xd2, 0xd1, 0xd1, 0xd5,
    0x04, 0x8b, 0x17, 0x21, 0xe9, 0xb1, 0x6c, 0x3e, 0x93, 0x35, 0x9c, 0x22,
    0x32, 0x2d, 0x1e, 0x9f, 0xb6, 0xc0, 0xc5, 0x86, 0xdc, 0x2b, 0x2a, 0xea,
    0x5f, 0xd5, 0x81, 0x15, 0xc7, 0x55, 0x15, 0x66, 0xfa, 0x43, 0xa3, 0x32,
    0x45, 0xa3, 0x86, 0x75, 0xed, 0x6f, 0x9d, 0x39, 0x57, 0x35, 0xf9, 0xfd,
    0xdd, 0xcd, 0x20, 0x3d, 0xff, 0x05, 0xb6, 0x96, 0x85, 0x97, 0x57, 0x3a,
    0x9c, 0xdd, 0xf2, 0x81, 0x20, 0x60, 0x5d, 0xe1, 0xc6, 0x2d, 0x12, 0xbb,
    0xfe, 0xbb, 0x16, 0xbc, 0xd0, 0x05, 0x53, 0xdc, 0xf8, 0xc5, 0x4a, 0xd0,
    0xfe, 0x0f, 0x2c, 0x81, 0x6f, 0x01, 0x9a, 0x26, 0xfa, 0xe4, 0x1c, 0x47,
    0x6c, 0x66, 0x01, 0x23, 0x24, 0xd9, 0xfc, 0xbf, 0x0c, 0x0a, 0x1c, 0x08,
    0xcf, 0x67, 0xab, 0x6f, 0x00, 0x58, 0x7f, 0x54, 0x37, 0xbb, 0xdf, 0x6c,
    0x69, 0x19, 0x52, 0x29, 0x42, 0x99, 0xc8, 0xf6, 0x81, 0xd7, 0x01, 0x9a,
    0x30, 0x59, 0xca, 0xc7, 0xf8, 0x2f, 0xa0, 0xd6, 0xe0, 0x11, 0x15, 0x2f,
    0x06, 0xff, 0x44, 0xb0, 0xf2, 0x0a, 0x9a, 0x54, 0x0c, 0x28, 0xf4, 0xe9,
    0x56, 0xee, 0xe3, 0xda, 0x1f, 0x00, 0x00, 0xbc, 0xfd, 0x00, 0x02, 0x00,
    0x81, 0x00, 0xac, 0x00, 0x00, 0xff, 0x00, 0x00, 0x00, 0x00, 0x00, 0xe1,
    0xec, 0x00, 0x87, 0x00, 0x17, 0xc2, 0x00, 0x00, 0x12, 0x00, 0xf5, 0x00,
    0xd2, 0xd3, 0x4e, 0xe2, 0x46, 0xe0, 0x10, 0xb4, 0xe3, 0xe0, 0xed, 0x67,
    0xf7, 0xd4, 0xaa, 0x81, 0x90, 0x2d, 0xee, 0xdf, 0xa4, 0x04, 0x56, 0x23,
    0x07, 0x11, 0x6b, 0xc0, 0xb2, 0x1b, 0x3f, 0x1e, 0xd8, 0x56, 0x32, 0xb0,
    0x56, 0xb0, 0xa1, 0x0c, 0x4b, 0x4c, 0xf2, 0x58, 0x34, 0xb0, 0x17, 0xfc,
    0x4f, 0x9e, 0x74, 0x76, 0xb3, 0xc6, 0x0b, 0x96, 0x7f, 0x8d, 0x21, 0xbb,
    0xc0, 0x1b, 0x38, 0x1a, 0x39, 0x0c, 0x3b, 0xc5, 0x31, 0x46, 0xba, 0x53,
    0x78, 0xe0, 0x19, 0x7f, 0x1e, 0xbf, 0xb1, 0xe8, 0xbc, 0x15, 0x54, 0xc4,
    0x38, 0xbd, 0xe9, 0x41, 0xf3, 0x1c, 0xc2, 0xd9, 0xe3, 0xcc, 0xbe, 0x0d,
    0x0b, 0x36, 0xf9, 0xbd, 0x81, 0x3c, 0x73, 0x2a, 0x91, 0xaa, 0x5b, 0xc6,
    0x51, 0x6c, 0x17, 0xdd, 0x10, 0xec, 0x97, 0x8f, 0x59, 0x50, 0x64, 0x6f,
    0x47, 0x43, 0x99, 0x93, 0x42, 0xf3, 0x2c, 0x8b, 0x62, 0xf6, 0x91, 0x72,
    0x9c, 0x6b, 0x7a, 0x36, 0x31, 0x32, 0x47, 0x90, 0xfd, 0x4b, 0x72, 0x8b,
    0x90, 0xec, 0xe6, 0x0e, 0x13, 0x10, 0x4b, 0x2e, 0x94, 0xda, 0xe4, 0xcf,
    0xb5, 0x8f, 0x7f, 0x25, 0x46, 0x04, 0xd0, 0x23, 0xdc, 0x29, 0x59, 0xed,
    0xbd, 0x50, 0x2d, 0xcc, 0x48, 0x94, 0xc6, 0x2a, 0x3e, 0xcf, 0x03, 0x93,
    0xf1, 0x35, 0xc5, 0x81, 0x2d, 0xac, 0xa2, 0x9d, 0x09, 0x3e, 0x42, 0x3f,
    0x4b, 0xc1, 0x94, 0x04, 0x2f, 0x01, 0xf6, 0x2a, 0x5d, 0xa7, 0x52, 0xa1,
    0x3f, 0xa6, 0x3d, 0x34, 0x52, 0x11, 0xfc, 0x45, 0x91, 0xf8, 0x40, 0x48,
    0xba, 0x81, 0xe1, 0x46, 0xd8, 0xb2, 0x2d, 0x9e, 0x3e, 0xfe, 0xff, 0xff,
    0x04, 0x00, 0x00, 0x00, 0x80, 0x00, 0x00, 0x00, 0x76, 0xfa, 0xff, 0xff,
    0x00, 0x00, 0x00, 0x00, 0xca, 0x02, 0x00, 0x00, 0x72, 0xfb, 0xff, 0xff,
    0x64, 0x01, 0x00, 0x00, 0xda, 0xf8, 0xff, 0xff, 0x48, 0x03, 0x00, 0x00,
    0xbb, 0x03, 0x00, 0x00, 0xfe, 0x0b, 0x00, 0x00, 0x3a, 0x02, 0x00, 0x00,
    0x16, 0xfd, 0xff, 0xff, 0x3a, 0xfd, 0xff, 0xff, 0x3b, 0xf8, 0xff, 0xff,
    0xc0, 0x05, 0x00, 0x00, 0x36, 0x01, 0x00, 0x00, 0x6c, 0x01, 0x00, 0x00,
    0x61, 0xfd, 0xff, 0xff, 0x92, 0xfe, 0xff, 0xff, 0x49, 0xe7, 0xff, 0xff,
    0x1d, 0x07, 0x00, 0x00, 0x9c, 0xff, 0xff, 0xff, 0x33, 0xff, 0xff, 0xff,
    0x34, 0x00, 0x00, 0x00, 0x86, 0xfc, 0xff, 0xff, 0x00, 0x00, 0x00, 0x00,
    0x3c, 0xfb, 0xff, 0xff, 0x50, 0xfe, 0xff, 0xff, 0xd8, 0x00, 0x00, 0x00,
    0x4f, 0xfb, 0xff, 0xff, 0xf9, 0xff, 0xff, 0xff, 0x9e, 0x06, 0x00, 0x00,
    0xaf, 0xfc, 0xff, 0xff, 0xca, 0xfe, 0xff, 0xff, 0x04, 0x00, 0x00, 0x00,
    0x60, 0x00, 0x00, 0x00, 0x14, 0x3b, 0x90, 0x9a, 0x64, 0xe4, 0xaf, 0x5c,
    0xbf, 0xc2, 0x4c, 0x4b, 0x2f, 0xf6, 0xfb, 0x5c, 0x66, 0x99, 0xf0, 0xb2,
    0x29, 0xb7, 0xd0, 0xee, 0xbd, 0x12, 0xb4, 0xf7, 0x40, 0x27, 0x81, 0x0e,
    0x1e, 0xc4, 0xd2, 0x2c, 0xd0, 0xd1, 0x9e, 0xb7, 0xd7, 0x05, 0xad, 0x60,
    0xf5, 0x02, 0xf5, 0xec, 0x1e, 0xaa, 0x10, 0x93, 0xc0, 0x23, 0xde, 0x1d,
    0xe0, 0xe1, 0x6d, 0x7f, 0xac, 0x93, 0xd4, 0xfa, 0xd5, 0xef, 0x49, 0xcd,
    0xeb, 0xce, 0xd9, 0xab, 0x53, 0xfe, 0xb7, 0xc7, 0xe3, 0x72, 0x81, 0x1d,
    0x1f, 0x52, 0xb3, 0x58, 0xed, 0xf7, 0x8c, 0xbe, 0x2b, 0x06, 0x0d, 0xde,
    0x12, 0xe5, 0x7a, 0x4f, 0x36, 0xff, 0xff, 0xff, 0x04, 0x00, 0x00, 0x00,
    0x0c, 0x00, 0x00, 0x00, 0xfb, 0xfe, 0xff, 0xff, 0x65, 0x05, 0x00, 0x00,
    0x57, 0xfc, 0xff, 0xff, 0x4e, 0xff, 0xff, 0xff, 0x04, 0x00, 0x00, 0x00,
    0x08, 0x00, 0x00, 0x00, 0x01, 0x00, 0x00, 0x00, 0x02, 0x00, 0x00, 0x00,
    0x38, 0xe2, 0xff, 0xff, 0x3c, 0xe2, 0xff, 0xff, 0x0f, 0x00, 0x00, 0x00,
    0x4d, 0x4c, 0x49, 0x52, 0x20, 0x43, 0x6f, 0x6e, 0x76, 0x65, 0x72, 0x74,
    0x65, 0x64, 0x2e, 0x00, 0x01, 0x00, 0x00, 0x00, 0x14, 0x00, 0x00, 0x00,
    0x00, 0x00, 0x0e, 0x00, 0x18, 0x00, 0x14, 0x00, 0x10, 0x00, 0x0c, 0x00,
    0x08, 0x00, 0x04, 0x00, 0x0e, 0x00, 0x00, 0x00, 0x14, 0x00, 0x00, 0x00,
    0x1c, 0x00, 0x00, 0x00, 0xe0, 0x02, 0x00, 0x00, 0xe4, 0x02, 0x00, 0x00,
    0xe8, 0x02, 0x00, 0x00, 0x04, 0x00, 0x00, 0x00, 0x6d, 0x61, 0x69, 0x6e,
    0x00, 0x00, 0x00, 0x00, 0x0a, 0x00, 0x00, 0x00, 0x7c, 0x02, 0x00, 0x00,
    0x18, 0x02, 0x00, 0x00, 0xc8, 0x01, 0x00, 0x00, 0x84, 0x01, 0x00, 0x00,
    0x34, 0x01, 0x00, 0x00, 0xf0, 0x00, 0x00, 0x00, 0xbc, 0x00, 0x00, 0x00,
    0x78, 0x00, 0x00, 0x00, 0x40, 0x00, 0x00, 0x00, 0x04, 0x00, 0x00, 0x00,
    0x1a, 0xfe, 0xff, 0xff, 0x1c, 0x00, 0x00, 0x00, 0x00, 0x00, 0x00, 0x09,
    0x1c, 0x00, 0x00, 0x00, 0x20, 0x00, 0x00, 0x00, 0x04, 0x00, 0x00, 0x00,
    0x00, 0x00, 0x06, 0x00, 0x08, 0x00, 0x04, 0x00, 0x06, 0x00, 0x00, 0x00,
    0x00, 0x00, 0x80, 0x3f, 0x01, 0x00, 0x00, 0x00, 0x15, 0x00, 0x00, 0x00,
    0x01, 0x00, 0x00, 0x00, 0x14, 0x00, 0x00, 0x00, 0xde, 0xfe, 0xff, 0xff,
    0x14, 0x00, 0x00, 0x00, 0x00, 0x00, 0x00, 0x08, 0x10, 0x00, 0x00, 0x00,
    0x14, 0x00, 0x00, 0x00, 0x03, 0x00, 0x00, 0x00, 0x0c, 0xe3, 0xff, 0xff,
    0x01, 0x00, 0x00, 0x00, 0x14, 0x00, 0x00, 0x00, 0x03, 0x00, 0x00, 0x00,
    0x13, 0x00, 0x00, 0x00, 0x03, 0x00, 0x00, 0x00, 0x02, 0x00, 0x00, 0x00,
    0x86, 0xfe, 0xff, 0xff, 0x1c, 0x00, 0x00, 0x00, 0x00, 0x00, 0x00, 0x08,
    0x1c, 0x00, 0x00, 0x00, 0x20, 0x00, 0x00, 0x00, 0x03, 0x00, 0x00, 0x00,
    0x00, 0x00, 0x06, 0x00, 0x08, 0x00, 0x07, 0x00, 0x06, 0x00, 0x00, 0x00,
    0x00, 0x00, 0x00, 0x01, 0x01, 0x00, 0x00, 0x00, 0x13, 0x00, 0x00, 0x00,
    0x03, 0x00, 0x00, 0x00, 0x12, 0x00, 0x00, 0x00, 0x05, 0x00, 0x00, 0x00,
    0x04, 0x00, 0x00, 0x00, 0x52, 0xff, 0xff, 0xff, 0x14, 0x00, 0x00, 0x00,
    0x00, 0x00, 0x00, 0x1b, 0x10, 0x00, 0x00, 0x00, 0x14, 0x00, 0x00, 0x00,
    0x02, 0x00, 0x00, 0x00, 0x80, 0xe3, 0xff, 0xff, 0x01, 0x00, 0x00, 0x00,
    0x12, 0x00, 0x00, 0x00, 0x02, 0x00, 0x00, 0x00, 0x11, 0x00, 0x00, 0x00,
    0x01, 0x00, 0x00, 0x00, 0x82, 0xff, 0xff, 0xff, 0x14, 0x00, 0x00, 0x00,
    0x00, 0x00, 0x00, 0x05, 0x24, 0x00, 0x00, 0x00, 0x28, 0x00, 0x00, 0x00,
    0x01, 0x00, 0x00, 0x00, 0xe6, 0xfe, 0xff, 0xff, 0x02, 0x00, 0x00, 0x00,
    0x02, 0x00, 0x00, 0x00, 0x02, 0x00, 0x00, 0x00, 0x02, 0x00, 0x00, 0x00,
    0x00, 0x00, 0x00, 0x01, 0x01, 0x00, 0x00, 0x00, 0x11, 0x00, 0x00, 0x00,
    0x01, 0x00, 0x00, 0x00, 0x10, 0x00, 0x00, 0x00, 0xd6, 0xfe, 0xff, 0xff,
    0x10, 0x00, 0x00, 0x00, 0x00, 0x00, 0x00, 0x01, 0x18, 0x00, 0x00, 0x00,
    0x1c, 0x00, 0x00, 0x00, 0xc8, 0xfe, 0xff, 0xff, 0x00, 0x00, 0x00, 0x01,
    0x01, 0x00, 0x00, 0x00, 0x01, 0x00, 0x00, 0x00, 0x01, 0x00, 0x00, 0x00,
    0x10, 0x00, 0x00, 0x00, 0x03, 0x00, 0x00, 0x00, 0x0f, 0x00, 0x00, 0x00,
    0x07, 0x00, 0x00, 0x00, 0x06, 0x00, 0x00, 0x00, 0x00, 0x00, 0x0e, 0x00,
    0x18, 0x00, 0x14, 0x00, 0x10, 0x00, 0x0c, 0x00, 0x0b, 0x00, 0x04, 0x00,
    0x0e, 0x00, 0x00, 0x00, 0x14, 0x00, 0x00, 0x00, 0x00, 0x00, 0x00, 0x05,
    0x24, 0x00, 0x00, 0x00, 0x28, 0x00, 0x00, 0x00, 0x01, 0x00, 0x00, 0x00,
    0x72, 0xff, 0xff, 0xff, 0x02, 0x00, 0x00, 0x00, 0x02, 0x00, 0x00, 0x00,
    0x02, 0x00, 0x00, 0x00, 0x02, 0x00, 0x00, 0x00, 0x00, 0x00, 0x00, 0x01,
    0x01, 0x00, 0x00, 0x00, 0x0f, 0x00, 0x00, 0x00, 0x01, 0x00, 0x00, 0x00,
    0x0e, 0x00, 0x00, 0x00, 0x62, 0xff, 0xff, 0xff, 0x10, 0x00, 0x00, 0x00,
    0x00, 0x00, 0x00, 0x01, 0x18, 0x00, 0x00, 0x00, 0x1c, 0x00, 0x00, 0x00,
    0x54, 0xff, 0xff, 0xff, 0x00, 0x00, 0x00, 0x01, 0x01, 0x00, 0x00, 0x00,
    0x01, 0x00, 0x00, 0x00, 0x01, 0x00, 0x00, 0x00, 0x0e, 0x00, 0x00, 0x00,
    0x03, 0x00, 0x00, 0x00, 0x0d, 0x00, 0x00, 0x00, 0x09, 0x00, 0x00, 0x00,
    0x08, 0x00, 0x00, 0x00, 0x00, 0x00, 0x0e, 0x00, 0x1a, 0x00, 0x14, 0x00,
    0x10, 0x00, 0x0c, 0x00, 0x0b, 0x00, 0x04, 0x00, 0x0e, 0x00, 0x00, 0x00,
    0x24, 0x00, 0x00, 0x00, 0x00, 0x00, 0x00, 0x05, 0x34, 0x00, 0x00, 0x00,
    0x38, 0x00, 0x00, 0x00, 0x01, 0x00, 0x00, 0x00, 0x00, 0x00, 0x0e, 0x00,
    0x18, 0x00, 0x17, 0x00, 0x10, 0x00, 0x0c, 0x00, 0x08, 0x00, 0x04, 0x00,
    0x0e, 0x00, 0x00, 0x00, 0x02, 0x00, 0x00, 0x00, 0x02, 0x00, 0x00, 0x00,
    0x02, 0x00, 0x00, 0x00, 0x02, 0x00, 0x00, 0x00, 0x00, 0x00, 0x00, 0x01,
    0x01, 0x00, 0x00, 0x00, 0x0d, 0x00, 0x00, 0x00, 0x01, 0x00, 0x00, 0x00,
    0x0c, 0x00, 0x00, 0x00, 0x00, 0x00, 0x0e, 0x00, 0x14, 0x00, 0x00, 0x00,
    0x10, 0x00, 0x0c, 0x00, 0x0b, 0x00, 0x04, 0x00, 0x0e, 0x00, 0x00, 0x00,
    0x1c, 0x00, 0x00, 0x00, 0x00, 0x00, 0x00, 0x01, 0x24, 0x00, 0x00, 0x00,
    0x28, 0x00, 0x00, 0x00, 0x0c, 0x00, 0x10, 0x00, 0x00, 0x00, 0x0c, 0x00,
    0x08, 0x00, 0x07, 0x00, 0x0c, 0x00, 0x00, 0x00, 0x00, 0x00, 0x00, 0x01,
    0x01, 0x00, 0x00, 0x00, 0x01, 0x00, 0x00, 0x00, 0x01, 0x00, 0x00, 0x00,
    0x0c, 0x00, 0x00, 0x00, 0x03, 0x00, 0x00, 0x00, 0x00, 0x00, 0x00, 0x00,
    0x0b, 0x00, 0x00, 0x00, 0x0a, 0x00, 0x00, 0x00, 0x01, 0x00, 0x00, 0x00,
    0x15, 0x00, 0x00, 0x00, 0x01, 0x00, 0x00, 0x00, 0x00, 0x00, 0x00, 0x00,
    0x16, 0x00, 0x00, 0x00, 0x04, 0x1b, 0x00, 0x00, 0x74, 0x1a, 0x00, 0x00,
    0xd0, 0x19, 0x00, 0x00, 0x44, 0x19, 0x00, 0x00, 0x40, 0x17, 0x00, 0x00,
    0x5c, 0x15, 0x00, 0x00, 0x30, 0x12, 0x00, 0x00, 0x3c, 0x10, 0x00, 0x00,
    0xd0, 0x0d, 0x00, 0x00, 0x9c, 0x0c, 0x00, 0x00, 0xa0, 0x0a, 0x00, 0x00,
    0xcc, 0x09, 0x00, 0x00, 0x00, 0x08, 0x00, 0x00, 0x64, 0x07, 0x00, 0x00,
    0x88, 0x05, 0x00, 0x00, 0xec, 0x04, 0x00, 0x00, 0x10, 0x03, 0x00, 0x00,
    0x74, 0x02, 0x00, 0x00, 0xe0, 0x01, 0x00, 0x00, 0x24, 0x01, 0x00, 0x00,
    0x80, 0x00, 0x00, 0x00, 0x04, 0x00, 0x00, 0x00, 0x6a, 0xe5, 0xff, 0xff,
    0x00, 0x00, 0x00, 0x01, 0x18, 0x00, 0x00, 0x00, 0x20, 0x00, 0x00, 0x00,
    0x3c, 0x00, 0x00, 0x00, 0x16, 0x00, 0x00, 0x00, 0x00, 0x00, 0x00, 0x09,
    0x50, 0x00, 0x00, 0x00, 0x02, 0x00, 0x00, 0x00, 0xff, 0xff, 0xff, 0xff,
    0x03, 0x00, 0x00, 0x00, 0x4c, 0xe5, 0xff, 0xff, 0x08, 0x00, 0x00, 0x00,
    0x10, 0x00, 0x00, 0x00, 0x01, 0x00, 0x00, 0x00, 0x80, 0xff, 0xff, 0xff,
    0xff, 0xff, 0xff, 0xff, 0x01, 0x00, 0x00, 0x00, 0x00, 0x00, 0x80, 0x3b,
    0x1b, 0x00, 0x00, 0x00, 0x53, 0x74, 0x61, 0x74, 0x65, 0x66, 0x75, 0x6c,
    0x50, 0x61, 0x72, 0x74, 0x69, 0x74, 0x69, 0x6f, 0x6e, 0x65, 0x64, 0x43,
    0x61, 0x6c, 0x6c, 0x5f, 0x31, 0x3a, 0x30, 0x00, 0x02, 0x00, 0x00, 0x00,
    0x01, 0x00, 0x00, 0x00, 0x03, 0x00, 0x00, 0x00, 0xe2, 0xe5, 0xff, 0xff,
    0x00, 0x00, 0x00, 0x01, 0x18, 0x00, 0x00, 0x00, 0x20, 0x00, 0x00, 0x00,
    0x3c, 0x00, 0x00, 0x00, 0x15, 0x00, 0x00, 0x00, 0x00, 0x00, 0x00, 0x09,
    0x78, 0x00, 0x00, 0x00, 0x02, 0x00, 0x00, 0x00, 0xff, 0xff, 0xff, 0xff,
    0x03, 0x00, 0x00, 0x00, 0xc4, 0xe5, 0xff, 0xff, 0x08, 0x00, 0x00, 0x00,
    0x10, 0x00, 0x00, 0x00, 0x01, 0x00, 0x00, 0x00, 0x14, 0x00, 0x00, 0x00,
    0x00, 0x00, 0x00, 0x00, 0x01, 0x00, 0x00, 0x00, 0xac, 0x8a, 0x38, 0x3d,
    0x42, 0x00, 0x00, 0x00, 0x6e, 0x65, 0x6f, 0x5f, 0x77, 0x61, 0x6b, 0x65,
    0x5f, 0x77, 0x6f, 0x72, 0x64, 0x5f, 0x31, 0x2f, 0x64, 0x65, 0x6e, 0x73,
    0x65, 0x5f, 0x31, 0x5f, 0x32, 0x2f, 0x4d, 0x61, 0x74, 0x4d, 0x75, 0x6c,
    0x3b, 0x6e, 0x65, 0x6f, 0x5f, 0x77, 0x61, 0x6b, 0x65, 0x5f, 0x77, 0x6f,
    0x72, 0x64, 0x5f, 0x31, 0x2f, 0x64, 0x65, 0x6e, 0x73, 0x65, 0x5f, 0x31,
    0x5f, 0x32, 0x2f, 0x42, 0x69, 0x61, 0x73, 0x41, 0x64, 0x64, 0x00, 0x00,
    0x02, 0x00, 0x00, 0x00, 0x01, 0x00, 0x00, 0x00, 0x03, 0x00, 0x00, 0x00,
    0x82, 0xe6, 0xff, 0xff, 0x00, 0x00, 0x00, 0x01, 0x18, 0x00, 0x00, 0x00,
    0x20, 0x00, 0x00, 0x00, 0x3c, 0x00, 0x00, 0x00, 0x14, 0x00, 0x00, 0x00,
    0x00, 0x00, 0x00, 0x09, 0x90, 0x00, 0x00, 0x00, 0x02, 0x00, 0x00, 0x00,
    0xff, 0xff, 0xff, 0xff, 0x20, 0x00, 0x00, 0x00, 0x64, 0xe6, 0xff, 0xff,
    0x08, 0x00, 0x00, 0x00, 0x10, 0x00, 0x00, 0x00, 0x01, 0x00, 0x00, 0x00,
    0x80, 0xff, 0xff, 0xff, 0xff, 0xff, 0xff, 0xff, 0x01, 0x00, 0x00, 0x00,
    0x9a, 0x92, 0x98, 0x3c, 0x5b, 0x00, 0x00, 0x00, 0x6e, 0x65, 0x6f, 0x5f,
    0x77, 0x61, 0x6b, 0x65, 0x5f, 0x77, 0x6f, 0x72, 0x64, 0x5f, 0x31, 0x2f,
    0x64, 0x65, 0x6e, 0x73, 0x65, 0x5f, 0x31, 0x2f, 0x4d, 0x61, 0x74, 0x4d,
    0x75, 0x6c, 0x3b, 0x6e, 0x65, 0x6f, 0x5f, 0x77, 0x61, 0x6b, 0x65, 0x5f,
    0x77, 0x6f, 0x72, 0x64, 0x5f, 0x31, 0x2f, 0x64, 0x65, 0x6e, 0x73, 0x65,
    0x5f, 0x31, 0x2f, 0x52, 0x65, 0x6c, 0x75, 0x3b, 0x6e, 0x65, 0x6f, 0x5f,
    0x77, 0x61, 0x6b, 0x65, 0x5f, 0x77, 0x6f, 0x72, 0x64, 0x5f, 0x31, 0x2f,
    0x64, 0x65, 0x6e, 0x73, 0x65, 0x5f, 0x31, 0x2f, 0x42, 0x69, 0x61, 0x73,
    0x41, 0x64, 0x64, 0x00, 0x02, 0x00, 0x00, 0x00, 0x01, 0x00, 0x00, 0x00,
    0x20, 0x00, 0x00, 0x00, 0x3a, 0xe7, 0xff, 0xff, 0x00, 0x00, 0x00, 0x01,
    0x18, 0x00, 0x00, 0x00, 0x20, 0x00, 0x00, 0x00, 0x40, 0x00, 0x00, 0x00,
    0x13, 0x00, 0x00, 0x00, 0x00, 0x00, 0x00, 0x09, 0x68, 0x00, 0x00, 0x00,
    0x02, 0x00, 0x00, 0x00, 0xff, 0xff, 0xff, 0xff, 0x20, 0x00, 0x00, 0x00,
    0x1c, 0xe7, 0xff, 0xff, 0x08, 0x00, 0x00, 0x00, 0x14, 0x00, 0x00, 0x00,
    0x01, 0x00, 0x00, 0x00, 0x80, 0xff, 0xff, 0xff, 0xff, 0xff, 0xff, 0xff,
    0x00, 0x00, 0x00, 0x00, 0x01, 0x00, 0x00, 0x00, 0x96, 0x29, 0xf6, 0x3b,
    0x2f, 0x00, 0x00, 0x00, 0x6e, 0x65, 0x6f, 0x5f, 0x77, 0x61, 0x6b, 0x65,
    0x5f, 0x77, 0x6f, 0x72, 0x64, 0x5f, 0x31, 0x2f, 0x67, 0x6c, 0x6f, 0x62,
    0x61, 0x6c, 0x5f, 0x61, 0x76, 0x65, 0x72, 0x61, 0x67, 0x65, 0x5f, 0x70,
    0x6f, 0x6f, 0x6c, 0x69, 0x6e, 0x67, 0x32, 0x64, 0x5f, 0x31, 0x2f, 0x4d,
    0x65, 0x61, 0x6e, 0x00, 0x02, 0x00, 0x00, 0x00, 0x01, 0x00, 0x00, 0x00,
    0x20, 0x00, 0x00, 0x00, 0xca, 0xe7, 0xff, 0xff, 0x00, 0x00, 0x00, 0x01,
    0x18, 0x00, 0x00, 0x00, 0x28, 0x00, 0x00, 0x00, 0x44, 0x00, 0x00, 0x00,
    0x12, 0x00, 0x00, 0x00, 0x00, 0x00, 0x00, 0x09, 0x68, 0x00, 0x00, 0x00,
    0x04, 0x00, 0x00, 0x00, 0xff, 0xff, 0xff, 0xff, 0x12, 0x00, 0x00, 0x00,
    0x05, 0x00, 0x00, 0x00, 0x20, 0x00, 0x00, 0x00, 0xb4, 0xe7, 0xff, 0xff,
    0x08, 0x00, 0x00, 0x00, 0x10, 0x00, 0x00, 0x00, 0x01, 0x00, 0x00, 0x00,
    0x80, 0xff, 0xff, 0xff, 0xff, 0xff, 0xff, 0xff, 0x01, 0x00, 0x00, 0x00,
    0xb6, 0x9d, 0x6c, 0x3d, 0x2b, 0x00, 0x00, 0x00, 0x6e, 0x65, 0x6f, 0x5f,
    0x77, 0x61, 0x6b, 0x65, 0x5f, 0x77, 0x6f, 0x72, 0x64, 0x5f, 0x31, 0x2f,
    0x6d, 0x61, 0x78, 0x5f, 0x70, 0x6f, 0x6f, 0x6c, 0x69, 0x6e, 0x67, 0x32,
    0x64, 0x5f, 0x32, 0x5f, 0x31, 0x2f, 0x4d, 0x61, 0x78, 0x50, 0x6f, 0x6f,
    0x6c, 0x32, 0x64, 0x00, 0x04, 0x00, 0x00, 0x00, 0x01, 0x00, 0x00, 0x00,
    0x12, 0x00, 0x00, 0x00, 0x05, 0x00, 0x00, 0x00, 0x20, 0x00, 0x00, 0x00,
    0x62, 0xe8, 0xff, 0xff, 0x00, 0x00, 0x00, 0x01, 0x18, 0x00, 0x00, 0x00,
    0x28, 0x00, 0x00, 0x00, 0x44, 0x00, 0x00, 0x00, 0x11, 0x00, 0x00, 0x00,
    0x00, 0x00, 0x00, 0x09, 0xa8, 0x01, 0x00, 0x00, 0x04, 0x00, 0x00, 0x00,
    0xff, 0xff, 0xff, 0xff, 0x25, 0x00, 0x00, 0x00, 0x0a, 0x00, 0x00, 0x00,
    0x20, 0x00, 0x00, 0x00, 0x4c, 0xe8, 0xff, 0xff, 0x08, 0x00, 0x00, 0x00,
    0x10, 0x00, 0x00, 0x00, 0x01, 0x00, 0x00, 0x00, 0x80, 0xff, 0xff, 0xff,
    0xff, 0xff, 0xff, 0xff, 0x01, 0x00, 0x00, 0x00, 0xb6, 0x9d, 0x6c, 0x3d,
    0x68, 0x01, 0x00, 0x00, 0x6e, 0x65, 0x6f, 0x5f, 0x77, 0x61, 0x6b, 0x65,
    0x5f, 0x77, 0x6f, 0x72, 0x64, 0x5f, 0x31, 0x2f, 0x72, 0x65, 0x5f, 0x6c,
    0x75, 0x5f, 0x32, 0x5f, 0x31, 0x2f, 0x52, 0x65, 0x6c, 0x75, 0x3b, 0x6e,
    0x65, 0x6f, 0x5f, 0x77, 0x61, 0x6b, 0x65, 0x5f, 0x77, 0x6f, 0x72, 0x64,
    0x5f, 0x31, 0x2f, 0x62, 0x61, 0x74, 0x63, 0x68, 0x5f, 0x6e, 0x6f, 0x72,
    0x6d, 0x61, 0x6c, 0x69, 0x7a, 0x61, 0x74, 0x69, 0x6f, 0x6e, 0x5f, 0x32,
    0x5f, 0x31, 0x2f, 0x62, 0x61, 0x74, 0x63, 0x68, 0x6e, 0x6f, 0x72, 0x6d,
    0x2f, 0x61, 0x64, 0x64, 0x5f, 0x31, 0x3b, 0x6e, 0x65, 0x6f, 0x5f, 0x77,
    0x61, 0x6b, 0x65, 0x5f, 0x77, 0x6f, 0x72, 0x64, 0x5f, 0x31, 0x2f, 0x62,
    0x61, 0x74, 0x63, 0x68, 0x5f, 0x6e, 0x6f, 0x72, 0x6d, 0x61, 0x6c, 0x69,
    0x7a, 0x61, 0x74, 0x69, 0x6f, 0x6e, 0x5f, 0x32, 0x5f, 0x31, 0x2f, 0x62,
    0x61, 0x74, 0x63, 0x68, 0x6e, 0x6f, 0x72, 0x6d, 0x2f, 0x6d, 0x75, 0x6c,
    0x5f, 0x31, 0x3b, 0x6e, 0x65, 0x6f, 0x5f, 0x77, 0x61, 0x6b, 0x65, 0x5f,
    0x77, 0x6f, 0x72, 0x64, 0x5f, 0x31, 0x2f, 0x63, 0x6f, 0x6e, 0x76, 0x32,
    0x64, 0x5f, 0x32, 0x5f, 0x31, 0x2f, 0x53, 0x71, 0x75, 0x65, 0x65, 0x7a,
    0x65, 0x3b, 0x6e, 0x65, 0x6f, 0x5f, 0x77, 0x61, 0x6b, 0x65, 0x5f, 0x77,
    0x6f, 0x72, 0x64, 0x5f, 0x31, 0x2f, 0x63, 0x6f, 0x6e, 0x76, 0x32, 0x64,
    0x5f, 0x32, 0x5f, 0x31, 0x2f, 0x42, 0x69, 0x61, 0x73, 0x41, 0x64, 0x64,
    0x3b, 0x6e, 0x65, 0x6f, 0x5f, 0x77, 0x61, 0x6b, 0x65, 0x5f, 0x77, 0x6f,
    0x72, 0x64, 0x5f, 0x31, 0x2f, 0x62, 0x61, 0x74, 0x63, 0x68, 0x5f, 0x6e,
    0x6f, 0x72, 0x6d, 0x61, 0x6c, 0x69, 0x7a, 0x61, 0x74, 0x69, 0x6f, 0x6e,
    0x5f, 0x32, 0x5f, 0x31, 0x2f, 0x62, 0x61, 0x74, 0x63, 0x68, 0x6e, 0x6f,
    0x72, 0x6d, 0x2f, 0x6d, 0x75, 0x6c, 0x3b, 0x6e, 0x65, 0x6f, 0x5f, 0x77,
    0x61, 0x6b, 0x65, 0x5f, 0x77, 0x6f, 0x72, 0x64, 0x5f, 0x31, 0x2f, 0x63,
    0x6f, 0x6e, 0x76, 0x32, 0x64, 0x5f, 0x32, 0x5f, 0x31, 0x2f, 0x63, 0x6f,
    0x6e, 0x76, 0x6f, 0x6c, 0x75, 0x74, 0x69, 0x6f, 0x6e, 0x3b, 0x6e, 0x65,
    0x6f, 0x5f, 0x77, 0x61, 0x6b, 0x65, 0x5f, 0x77, 0x6f, 0x72, 0x64, 0x5f,
    0x31, 0x2f, 0x62, 0x61, 0x74, 0x63, 0x68, 0x5f, 0x6e, 0x6f, 0x72, 0x6d,
    0x61, 0x6c, 0x69, 0x7a, 0x61, 0x74, 0x69, 0x6f, 0x6e, 0x5f, 0x32, 0x5f,
    0x31, 0x2f, 0x62, 0x61, 0x74, 0x63, 0x68, 0x6e, 0x6f, 0x72, 0x6d, 0x2f,
    0x73, 0x75, 0x62, 0x31, 0x00, 0x00, 0x00, 0x00, 0x04, 0x00, 0x00, 0x00,
    0x01, 0x00, 0x00, 0x00, 0x25, 0x00, 0x00, 0x00, 0x0a, 0x00, 0x00, 0x00,
    0x20, 0x00, 0x00, 0x00, 0x3a, 0xea, 0xff, 0xff, 0x00, 0x00, 0x00, 0x01,
    0x18, 0x00, 0x00, 0x00, 0x28, 0x00, 0x00, 0x00, 0x44, 0x00, 0x00, 0x00,
    0x10, 0x00, 0x00, 0x00, 0x00, 0x00, 0x00, 0x09, 0x68, 0x00, 0x00, 0x00,
    0x04, 0x00, 0x00, 0x00, 0xff, 0xff, 0xff, 0xff, 0x25, 0x00, 0x00, 0x00,
    0x0a, 0x00, 0x00, 0x00, 0x10, 0x00, 0x00, 0x00, 0x24, 0xea, 0xff, 0xff,
    0x08, 0x00, 0x00, 0x00, 0x10, 0x00, 0x00, 0x00, 0x01, 0x00, 0x00, 0x00,
    0x80, 0xff, 0xff, 0xff, 0xff, 0xff, 0xff, 0xff, 0x01, 0x00, 0x00, 0x00,
    0x04, 0xd5, 0x9b, 0x3d, 0x2b, 0x00, 0x00, 0x00, 0x6e, 0x65, 0x6f, 0x5f,
    0x77, 0x61, 0x6b, 0x65, 0x5f, 0x77, 0x6f, 0x72, 0x64, 0x5f, 0x31, 0x2f,
    0x6d, 0x61, 0x78, 0x5f, 0x70, 0x6f, 0x6f, 0x6c, 0x69, 0x6e, 0x67, 0x32,
    0x64, 0x5f, 0x31, 0x5f, 0x32, 0x2f, 0x4d, 0x61, 0x78, 0x50, 0x6f, 0x6f,
    0x6c, 0x32, 0x64, 0x00, 0x04, 0x00, 0x00, 0x00, 0x01, 0x00, 0x00, 0x00,
    0x25, 0x00, 0x00, 0x00, 0x0a, 0x00, 0x00, 0x00, 0x10, 0x00, 0x00, 0x00,
    0xd2, 0xea, 0xff, 0xff, 0x00, 0x00, 0x00, 0x01, 0x18, 0x00, 0x00, 0x00,
    0x28, 0x00, 0x00, 0x00, 0x44, 0x00, 0x00, 0x00, 0x0f, 0x00, 0x00, 0x00,
    0x00, 0x00, 0x00, 0x09, 0xa8, 0x01, 0x00, 0x00, 0x04, 0x00, 0x00, 0x00,
    0xff, 0xff, 0xff, 0xff, 0x4a, 0x00, 0x00, 0x00, 0x14, 0x00, 0x00, 0x00,
    0x10, 0x00, 0x00, 0x00, 0xbc, 0xea, 0xff, 0xff, 0x08, 0x00, 0x00, 0x00,
    0x10, 0x00, 0x00, 0x00, 0x01, 0x00, 0x00, 0x00, 0x80, 0xff, 0xff, 0xff,
    0xff, 0xff, 0xff, 0xff, 0x01, 0x00, 0x00, 0x00, 0x04, 0xd5, 0x9b, 0x3d,
    0x68, 0x01, 0x00, 0x00, 0x6e, 0x65, 0x6f, 0x5f, 0x77, 0x61, 0x6b, 0x65,
    0x5f, 0x77, 0x6f, 0x72, 0x64, 0x5f, 0x31, 0x2f, 0x72, 0x65, 0x5f, 0x6c,
    0x75, 0x5f, 0x31, 0x5f, 0x32, 0x2f, 0x52, 0x65, 0x6c, 0x75, 0x3b, 0x6e,
    0x65, 0x6f, 0x5f, 0x77, 0x61, 0x6b, 0x65, 0x5f, 0x77, 0x6f, 0x72, 0x64,
    0x5f, 0x31, 0x2f, 0x62, 0x61, 0x74, 0x63, 0x68, 0x5f, 0x6e, 0x6f, 0x72,
    0x6d, 0x61, 0x6c, 0x69, 0x7a, 0x61, 0x74, 0x69, 0x6f, 0x6e, 0x5f, 0x31,
    0x5f, 0x32, 0x2f, 0x62, 0x61, 0x74, 0x63, 0x68, 0x6e, 0x6f, 0x72, 0x6d,
    0x2f, 0x61, 0x64, 0x64, 0x5f, 0x31, 0x3b, 0x6e, 0x65, 0x6f, 0x5f, 0x77,
    0x61, 0x6b, 0x65, 0x5f, 0x77, 0x6f, 0x72, 0x64, 0x5f, 0x31, 0x2f, 0x62,
    0x61, 0x74, 0x63, 0x68, 0x5f, 0x6e, 0x6f, 0x72, 0x6d, 0x61, 0x6c, 0x69,
    0x7a, 0x61, 0x74, 0x69, 0x6f, 0x6e, 0x5f, 0x31, 0x5f, 0x32, 0x2f, 0x62,
    0x61, 0x74, 0x63, 0x68, 0x6e, 0x6f, 0x72, 0x6d, 0x2f, 0x6d, 0x75, 0x6c,
    0x5f, 0x31, 0x3b, 0x6e, 0x65, 0x6f, 0x5f, 0x77, 0x61, 0x6b, 0x65, 0x5f,
    0x77, 0x6f, 0x72, 0x64, 0x5f, 0x31, 0x2f, 0x63, 0x6f, 0x6e, 0x76, 0x32,
    0x64, 0x5f, 0x31, 0x5f, 0x32, 0x2f, 0x53, 0x71, 0x75, 0x65, 0x65, 0x7a,
    0x65, 0x3b, 0x6e, 0x65, 0x6f, 0x5f, 0x77, 0x61, 0x6b, 0x65, 0x5f, 0x77,
    0x6f, 0x72, 0x64, 0x5f, 0x31, 0x2f, 0x63, 0x6f, 0x6e, 0x76, 0x32, 0x64,
    0x5f, 0x31, 0x5f, 0x32, 0x2f, 0x42, 0x69, 0x61, 0x73, 0x41, 0x64, 0x64,
    0x3b, 0x6e, 0x65, 0x6f, 0x5f, 0x77, 0x61, 0x6b, 0x65, 0x5f, 0x77, 0x6f,
    0x72, 0x64, 0x5f, 0x31, 0x2f, 0x62, 0x61, 0x74, 0x63, 0x68, 0x5f, 0x6e,
    0x6f, 0x72, 0x6d, 0x61, 0x6c, 0x69, 0x7a, 0x61, 0x74, 0x69, 0x6f, 0x6e,
    0x5f, 0x31, 0x5f, 0x32, 0x2f, 0x62, 0x61, 0x74, 0x63, 0x68, 0x6e, 0x6f,
    0x72, 0x6d, 0x2f, 0x6d, 0x75, 0x6c, 0x3b, 0x6e, 0x65, 0x6f, 0x5f, 0x77,
    0x61, 0x6b, 0x65, 0x5f, 0x77, 0x6f, 0x72, 0x64, 0x5f, 0x31, 0x2f, 0x63,
    0x6f, 0x6e, 0x76, 0x32, 0x64, 0x5f, 0x31, 0x5f, 0x32, 0x2f, 0x63, 0x6f,
    0x6e, 0x76, 0x6f, 0x6c, 0x75, 0x74, 0x69, 0x6f, 0x6e, 0x3b, 0x6e, 0x65,
    0x6f, 0x5f, 0x77, 0x61, 0x6b, 0x65, 0x5f, 0x77, 0x6f, 0x72, 0x64, 0x5f,
    0x31, 0x2f, 0x62, 0x61, 0x74, 0x63, 0x68, 0x5f, 0x6e, 0x6f, 0x72, 0x6d,
    0x61, 0x6c, 0x69, 0x7a, 0x61, 0x74, 0x69, 0x6f, 0x6e, 0x5f, 0x31, 0x5f,
    0x32, 0x2f, 0x62, 0x61, 0x74, 0x63, 0x68, 0x6e, 0x6f, 0x72, 0x6d, 0x2f,
    0x73, 0x75, 0x62, 0x31, 0x00, 0x00, 0x00, 0x00, 0x04, 0x00, 0x00, 0x00,
    0x01, 0x00, 0x00, 0x00, 0x4a, 0x00, 0x00, 0x00, 0x14, 0x00, 0x00, 0x00,
    0x10, 0x00, 0x00, 0x00, 0xaa, 0xec, 0xff, 0xff, 0x00, 0x00, 0x00, 0x01,
    0x18, 0x00, 0x00, 0x00, 0x28, 0x00, 0x00, 0x00, 0x44, 0x00, 0x00, 0x00,
    0x0e, 0x00, 0x00, 0x00, 0x00, 0x00, 0x00, 0x09, 0x68, 0x00, 0x00, 0x00,
    0x04, 0x00, 0x00, 0x00, 0xff, 0xff, 0xff, 0xff, 0x4a, 0x00, 0x00, 0x00,
    0x14, 0x00, 0x00, 0x00, 0x08, 0x00, 0x00, 0x00, 0x94, 0xec, 0xff, 0xff,
    0x08, 0x00, 0x00, 0x00, 0x10, 0x00, 0x00, 0x00, 0x01, 0x00, 0x00, 0x00,
    0x80, 0xff, 0xff, 0xff, 0xff, 0xff, 0xff, 0xff, 0x01, 0x00, 0x00, 0x00,
    0x5e, 0x19, 0xe5, 0x3d, 0x29, 0x00, 0x00, 0x00, 0x6e, 0x65, 0x6f, 0x5f,
    0x77, 0x61, 0x6b, 0x65, 0x5f, 0x77, 0x6f, 0x72, 0x64, 0x5f, 0x31, 0x2f,
    0x6d, 0x61, 0x78, 0x5f, 0x70, 0x6f, 0x6f, 0x6c, 0x69, 0x6e, 0x67, 0x32,
    0x64, 0x5f, 0x31, 0x2f, 0x4d, 0x61, 0x78, 0x50, 0x6f, 0x6f, 0x6c, 0x32,
    0x64, 0x00, 0x00, 0x00, 0x04, 0x00, 0x00, 0x00, 0x01, 0x00, 0x00, 0x00,
    0x4a, 0x00, 0x00, 0x00, 0x14, 0x00, 0x00, 0x00, 0x08, 0x00, 0x00, 0x00,
    0x42, 0xed, 0xff, 0xff, 0x00, 0x00, 0x00, 0x01, 0x18, 0x00, 0x00, 0x00,
    0x28, 0x00, 0x00, 0x00, 0x44, 0x00, 0x00, 0x00, 0x0d, 0x00, 0x00, 0x00,
    0x00, 0x00, 0x00, 0x09, 0x98, 0x01, 0x00, 0x00, 0x04, 0x00, 0x00, 0x00,
    0xff, 0xff, 0xff, 0xff, 0x94, 0x00, 0x00, 0x00, 0x28, 0x00, 0x00, 0x00,
    0x08, 0x00, 0x00, 0x00, 0x2c, 0xed, 0xff, 0xff, 0x08, 0x00, 0x00, 0x00,
    0x10, 0x00, 0x00, 0x00, 0x01, 0x00, 0x00, 0x00, 0x80, 0xff, 0xff, 0xff,
    0xff, 0xff, 0xff, 0xff, 0x01, 0x00, 0x00, 0x00, 0x5e, 0x19, 0xe5, 0x3d,
    0x58, 0x01, 0x00, 0x00, 0x6e, 0x65, 0x6f, 0x5f, 0x77, 0x61, 0x6b, 0x65,
    0x5f, 0x77, 0x6f, 0x72, 0x64, 0x5f, 0x31, 0x2f, 0x72, 0x65, 0x5f, 0x6c,
    0x75, 0x5f, 0x31, 0x2f, 0x52, 0x65, 0x6c, 0x75, 0x3b, 0x6e, 0x65, 0x6f,
    0x5f, 0x77, 0x61, 0x6b, 0x65, 0x5f, 0x77, 0x6f, 0x72, 0x64, 0x5f, 0x31,
    0x2f, 0x62, 0x61, 0x74, 0x63, 0x68, 0x5f, 0x6e, 0x6f, 0x72, 0x6d, 0x61,
    0x6c, 0x69, 0x7a, 0x61, 0x74, 0x69, 0x6f, 0x6e, 0x5f, 0x31, 0x2f, 0x62,
    0x61, 0x74, 0x63, 0x68, 0x6e, 0x6f, 0x72, 0x6d, 0x2f, 0x61, 0x64, 0x64,
    0x5f, 0x31, 0x3b, 0x6e, 0x65, 0x6f, 0x5f, 0x77, 0x61, 0x6b, 0x65, 0x5f,
    0x77, 0x6f, 0x72, 0x64, 0x5f, 0x31, 0x2f, 0x62, 0x61, 0x74, 0x63, 0x68,
    0x5f, 0x6e, 0x6f, 0x72, 0x6d, 0x61, 0x6c, 0x69, 0x7a, 0x61, 0x74, 0x69,
    0x6f, 0x6e, 0x5f, 0x31, 0x2f, 0x62, 0x61, 0x74, 0x63, 0x68, 0x6e, 0x6f,
    0x72, 0x6d, 0x2f, 0x6d, 0x75, 0x6c, 0x5f, 0x31, 0x3b, 0x6e, 0x65, 0x6f,
    0x5f, 0x77, 0x61, 0x6b, 0x65, 0x5f, 0x77, 0x6f, 0x72, 0x64, 0x5f, 0x31,
    0x2f, 0x63, 0x6f, 0x6e, 0x76, 0x32, 0x64, 0x5f, 0x31, 0x2f, 0x53, 0x71,
    0x75, 0x65, 0x65, 0x7a, 0x65, 0x3b, 0x6e, 0x65, 0x6f, 0x5f, 0x77, 0x61,
    0x6b, 0x65, 0x5f, 0x77, 0x6f, 0x72, 0x64, 0x5f, 0x31, 0x2f, 0x63, 0x6f,
    0x6e, 0x76, 0x32, 0x64, 0x5f, 0x31, 0x2f, 0x42, 0x69, 0x61, 0x73, 0x41,
    0x64, 0x64, 0x3b, 0x6e, 0x65, 0x6f, 0x5f, 0x77, 0x61, 0x6b, 0x65, 0x5f,
    0x77, 0x6f, 0x72, 0x64, 0x5f, 0x31, 0x2f, 0x62, 0x61, 0x74, 0x63, 0x68,
    0x5f, 0x6e, 0x6f, 0x72, 0x6d, 0x61, 0x6c, 0x69, 0x7a, 0x61, 0x74, 0x69,
    0x6f, 0x6e, 0x5f, 0x31, 0x2f, 0x62, 0x61, 0x74, 0x63, 0x68, 0x6e, 0x6f,
    0x72, 0x6d, 0x2f, 0x6d, 0x75, 0x6c, 0x3b, 0x6e, 0x65, 0x6f, 0x5f, 0x77,
    0x61, 0x6b, 0x65, 0x5f, 0x77, 0x6f, 0x72, 0x64, 0x5f, 0x31, 0x2f, 0x63,
    0x6f, 0x6e, 0x76, 0x32, 0x64, 0x5f, 0x31, 0x2f, 0x63, 0x6f, 0x6e, 0x76,
    0x6f, 0x6c, 0x75, 0x74, 0x69, 0x6f, 0x6e, 0x3b, 0x6e, 0x65, 0x6f, 0x5f,
    0x77, 0x61, 0x6b, 0x65, 0x5f, 0x77, 0x6f, 0x72, 0x64, 0x5f, 0x31, 0x2f,
    0x62, 0x61, 0x74, 0x63, 0x68, 0x5f, 0x6e, 0x6f, 0x72, 0x6d, 0x61, 0x6c,
    0x69, 0x7a, 0x61, 0x74, 0x69, 0x6f, 0x6e, 0x5f, 0x31, 0x2f, 0x62, 0x61,
    0x74, 0x63, 0x68, 0x6e, 0x6f, 0x72, 0x6d, 0x2f, 0x73, 0x75, 0x62, 0x31,
    0x00, 0x00, 0x00, 0x00, 0x04, 0x00, 0x00, 0x00, 0x01, 0x00, 0x00, 0x00,
    0x94, 0x00, 0x00, 0x00, 0x28, 0x00, 0x00, 0x00, 0x08, 0x00, 0x00, 0x00,
    0x96, 0xef, 0xff, 0xff, 0x00, 0x00, 0x00, 0x01, 0x14, 0x00, 0x00, 0x00,
    0x84, 0x00, 0x00, 0x00, 0x0c, 0x00, 0x00, 0x00, 0x00, 0x00, 0x00, 0x09,
    0xa4, 0x00, 0x00, 0x00, 0xdc, 0xee, 0xff, 0xff, 0x08, 0x00, 0x00, 0x00,
    0x48, 0x00, 0x00, 0x00, 0x08, 0x00, 0x00, 0x00, 0x00, 0x00, 0x00, 0x00,
    0x00, 0x00, 0x00, 0x00, 0x00, 0x00, 0x00, 0x00, 0x00, 0x00, 0x00, 0x00,
    0x00, 0x00, 0x00, 0x00, 0x00, 0x00, 0x00, 0x00, 0x00, 0x00, 0x00, 0x00,
    0x00, 0x00, 0x00, 0x00, 0x00, 0x00, 0x00, 0x00, 0x00, 0x00, 0x00, 0x00,
    0x00, 0x00, 0x00, 0x00, 0x00, 0x00, 0x00, 0x00, 0x00, 0x00, 0x00, 0x00,
    0x00, 0x00, 0x00, 0x00, 0x00, 0x00, 0x00, 0x00, 0x00, 0x00, 0x00, 0x00,
    0x08, 0x00, 0x00, 0x00, 0x4c, 0x70, 0x03, 0x3b, 0x1c, 0x98, 0x3d, 0x3a,
    0x66, 0x33, 0xef, 0x39, 0x5e, 0x63, 0x8f, 0x3a, 0x50, 0x9d, 0xf4, 0x3a,
    0xef, 0xda, 0x26, 0x3a, 0xf4, 0x46, 0x3c, 0x3a, 0x9f, 0xae, 0x6e, 0x3a,
    0x24, 0x00, 0x00, 0x00, 0x6e, 0x65, 0x6f, 0x5f, 0x77, 0x61, 0x6b, 0x65,
    0x5f, 0x77, 0x6f, 0x72, 0x64, 0x5f, 0x31, 0x2f, 0x63, 0x6f, 0x6e, 0x76,
    0x32, 0x64, 0x5f, 0x31, 0x2f, 0x63, 0x6f, 0x6e, 0x76, 0x6f, 0x6c, 0x75,
    0x74, 0x69, 0x6f, 0x6e, 0x00, 0x00, 0x00, 0x00, 0x04, 0x00, 0x00, 0x00,
    0x08, 0x00, 0x00, 0x00, 0x03, 0x00, 0x00, 0x00, 0x03, 0x00, 0x00, 0x00,
    0x01, 0x00, 0x00, 0x00, 0x66, 0xf0, 0xff, 0xff, 0x00, 0x00, 0x00, 0x01,
    0x14, 0x00, 0x00, 0x00, 0x88, 0x00, 0x00, 0x00, 0x0b, 0x00, 0x00, 0x00,
    0x00, 0x00, 0x00, 0x02, 0xd8, 0x01, 0x00, 0x00, 0xac, 0xef, 0xff, 0xff,
    0x08, 0x00, 0x00, 0x00, 0x4c, 0x00, 0x00, 0x00, 0x08, 0x00, 0x00, 0x00,
    0x00, 0x00, 0x00, 0x00, 0x00, 0x00, 0x00, 0x00, 0x00, 0x00, 0x00, 0x00,
    0x00, 0x00, 0x00, 0x00, 0x00, 0x00, 0x00, 0x00, 0x00, 0x00, 0x00, 0x00,
    0x00, 0x00, 0x00, 0x00, 0x00, 0x00, 0x00, 0x00, 0x00, 0x00, 0x00, 0x00,
    0x00, 0x00, 0x00, 0x00, 0x00, 0x00, 0x00, 0x00, 0x00, 0x00, 0x00, 0x00,
    0x00, 0x00, 0x00, 0x00, 0x00, 0x00, 0x00, 0x00, 0x00, 0x00, 0x00, 0x00,
    0x00, 0x00, 0x00, 0x00, 0x00, 0x00, 0x00, 0x00, 0x08, 0x00, 0x00, 0x00,
    0x51, 0x2a, 0x9b, 0x3a, 0x9a, 0xd1, 0xdf, 0x39, 0xa7, 0x30, 0x8d, 0x39,
    0x98, 0x45, 0x29, 0x3a, 0xb2, 0x62, 0x90, 0x3a, 0x9e, 0xf9, 0xc4, 0x39,
    0x95, 0x43, 0xde, 0x39, 0x47, 0xe2, 0x0c, 0x3a, 0x57, 0x01, 0x00, 0x00,
    0x6e, 0x65, 0x6f, 0x5f, 0x77, 0x61, 0x6b, 0x65, 0x5f, 0x77, 0x6f, 0x72,
    0x64, 0x5f, 0x31, 0x2f, 0x72, 0x65, 0x5f, 0x6c, 0x75, 0x5f, 0x31, 0x2f,
    0x52, 0x65, 0x6c, 0x75, 0x3b, 0x6e, 0x65, 0x6f, 0x5f, 0x77, 0x61, 0x6b,
    0x65, 0x5f, 0x77, 0x6f, 0x72, 0x64, 0x5f, 0x31, 0x2f, 0x62, 0x61, 0x74,
    0x63, 0x68, 0x5f, 0x6e, 0x6f, 0x72, 0x6d, 0x61, 0x6c, 0x69, 0x7a, 0x61,
    0x74, 0x69, 0x6f, 0x6e, 0x5f, 0x31, 0x2f, 0x62, 0x61, 0x74, 0x63, 0x68,
    0x6e, 0x6f, 0x72, 0x6d, 0x2f, 0x61, 0x64, 0x64, 0x5f, 0x31, 0x3b, 0x6e,
    0x65, 0x6f, 0x5f, 0x77, 0x61, 0x6b, 0x65, 0x5f, 0x77, 0x6f, 0x72, 0x64,
    0x5f, 0x31, 0x2f, 0x62, 0x61, 0x74, 0x63, 0x68, 0x5f, 0x6e, 0x6f, 0x72,
    0x6d, 0x61, 0x6c, 0x69, 0x7a, 0x61, 0x74, 0x69, 0x6f, 0x6e, 0x5f, 0x31,
    0x2f, 0x62, 0x61, 0x74, 0x63, 0x68, 0x6e, 0x6f, 0x72, 0x6d, 0x2f, 0x6d,
    0x75, 0x6c, 0x5f, 0x31, 0x3b, 0x6e, 0x65, 0x6f, 0x5f, 0x77, 0x61, 0x6b,
    0x65, 0x5f, 0x77, 0x6f, 0x72, 0x64, 0x5f, 0x31, 0x2f, 0x63, 0x6f, 0x6e,
    0x76, 0x32, 0x64, 0x5f, 0x31, 0x2f, 0x53, 0x71, 0x75, 0x65, 0x65, 0x7a,
    0x65, 0x3b, 0x6e, 0x65, 0x6f, 0x5f, 0x77, 0x61, 0x6b, 0x65, 0x5f, 0x77,
    0x6f, 0x72, 0x64, 0x5f, 0x31, 0x2f, 0x63, 0x6f, 0x6e, 0x76, 0x32, 0x64,
    0x5f, 0x31, 0x2f, 0x42, 0x69, 0x61, 0x73, 0x41, 0x64, 0x64, 0x3b, 0x6e,
    0x65, 0x6f, 0x5f, 0x77, 0x61, 0x6b, 0x65, 0x5f, 0x77, 0x6f, 0x72, 0x64,
    0x5f, 0x31, 0x2f, 0x62, 0x61, 0x74, 0x63, 0x68, 0x5f, 0x6e, 0x6f, 0x72,
    0x6d, 0x61, 0x6c, 0x69, 0x7a, 0x61, 0x74, 0x69, 0x6f, 0x6e, 0x5f, 0x31,
    0x2f, 0x62, 0x61, 0x74, 0x63, 0x68, 0x6e, 0x6f, 0x72, 0x6d, 0x2f, 0x6d,
    0x75, 0x6c, 0x3b, 0x6e, 0x65, 0x6f, 0x5f, 0x77, 0x61, 0x6b, 0x65, 0x5f,
    0x77, 0x6f, 0x72, 0x64, 0x5f, 0x31, 0x2f, 0x63, 0x6f, 0x6e, 0x76, 0x32,
    0x64, 0x5f, 0x31, 0x2f, 0x63, 0x6f, 0x6e, 0x76, 0x6f, 0x6c, 0x75, 0x74,
    0x69, 0x6f, 0x6e, 0x3b, 0x6e, 0x65, 0x6f, 0x5f, 0x77, 0x61, 0x6b, 0x65,
    0x5f, 0x77, 0x6f, 0x72, 0x64, 0x5f, 0x31, 0x2f, 0x62, 0x61, 0x74, 0x63,
    0x68, 0x5f, 0x6e, 0x6f, 0x72, 0x6d, 0x61, 0x6c, 0x69, 0x7a, 0x61, 0x74,
    0x69, 0x6f, 0x6e, 0x5f, 0x31, 0x2f, 0x62, 0x61, 0x74, 0x63, 0x68, 0x6e,
    0x6f, 0x72, 0x6d, 0x2f, 0x73, 0x75, 0x62, 0x00, 0x01, 0x00, 0x00, 0x00,
    0x08, 0x00, 0x00, 0x00, 0x5e, 0xf2, 0xff, 0xff, 0x00, 0x00, 0x00, 0x01,
    0x14, 0x00, 0x00, 0x00, 0xe4, 0x00, 0x00, 0x00, 0x0a, 0x00, 0x00, 0x00,
    0x00, 0x00, 0x00, 0x09, 0x04, 0x01, 0x00, 0x00, 0xa4, 0xf1, 0xff, 0xff,
    0x08, 0x00, 0x00, 0x00, 0x88, 0x00, 0x00, 0x00, 0x10, 0x00, 0x00, 0x00,
    0x00, 0x00, 0x00, 0x00, 0x00, 0x00, 0x00, 0x00, 0x00, 0x00, 0x00, 0x00,
    0x00, 0x00, 0x00, 0x00, 0x00, 0x00, 0x00, 0x00, 0x00, 0x00, 0x00, 0x00,
    0x00, 0x00, 0x00, 0x00, 0x00, 0x00, 0x00, 0x00, 0x00, 0x00, 0x00, 0x00,
    0x00, 0x00, 0x00, 0x00, 0x00, 0x00, 0x00, 0x00, 0x00, 0x00, 0x00, 0x00,
    0x00, 0x00, 0x00, 0x00, 0x00, 0x00, 0x00, 0x00, 0x00, 0x00, 0x00, 0x00,
    0x00, 0x00, 0x00, 0x00, 0x00, 0x00, 0x00, 0x00, 0x00, 0x00, 0x00, 0x00,
    0x00, 0x00, 0x00, 0x00, 0x00, 0x00, 0x00, 0x00, 0x00, 0x00, 0x00, 0x00,
    0x00, 0x00, 0x00, 0x00, 0x00, 0x00, 0x00, 0x00, 0x00, 0x00, 0x00, 0x00,
    0x00, 0x00, 0x00, 0x00, 0x00, 0x00, 0x00, 0x00, 0x00, 0x00, 0x00, 0x00,
    0x00, 0x00, 0x00, 0x00, 0x00, 0x00, 0x00, 0x00, 0x00, 0x00, 0x00, 0x00,
    0x00, 0x00, 0x00, 0x00, 0x00, 0x00, 0x00, 0x00, 0x10, 0x00, 0x00, 0x00,
    0x09, 0x41, 0xa5, 0x3b, 0xf5, 0x7c, 0xa9, 0x3b, 0xcf, 0x3a, 0x9e, 0x3a,
    0xd8, 0x75, 0x52, 0x3b, 0xa0, 0xb2, 0x53, 0x3b, 0x5e, 0x39, 0xe0, 0x3a,
    0xe7, 0x51, 0x19, 0x3b, 0xc1, 0x60, 0x3b, 0x3b, 0xef, 0xf5, 0xc5, 0x3a,
    0xf5, 0x2c, 0x92, 0x3b, 0x75, 0x1d, 0x80, 0x3b, 0x56, 0x80, 0x68, 0x3b,
    0x5b, 0xee, 0x09, 0x3b, 0x7f, 0xec, 0x9f, 0x3b, 0xf6, 0x5c, 0x47, 0x3b,
    0x10, 0x93, 0xe8, 0x3b, 0x26, 0x00, 0x00, 0x00, 0x6e, 0x65, 0x6f, 0x5f,
    0x77, 0x61, 0x6b, 0x65, 0x5f, 0x77, 0x6f, 0x72, 0x64, 0x5f, 0x31, 0x2f,
    0x63, 0x6f, 0x6e, 0x76, 0x32, 0x64, 0x5f, 0x31, 0x5f, 0x32, 0x2f, 0x63,
    0x6f, 0x6e, 0x76, 0x6f, 0x6c, 0x75, 0x74, 0x69, 0x6f, 0x6e, 0x00, 0x00,
    0x04, 0x00, 0x00, 0x00, 0x10, 0x00, 0x00, 0x00, 0x03, 0x00, 0x00, 0x00,
    0x03, 0x00, 0x00, 0x00, 0x08, 0x00, 0x00, 0x00, 0x8e, 0xf3, 0xff, 0xff,
    0x00, 0x00, 0x00, 0x01, 0x14, 0x00, 0x00, 0x00, 0xe8, 0x00, 0x00, 0x00,
    0x09, 0x00, 0x00, 0x00, 0x00, 0x00, 0x00, 0x02, 0x48, 0x02, 0x00, 0x00,
    0xd4, 0xf2, 0xff, 0xff, 0x08, 0x00, 0x00, 0x00, 0x8c, 0x00, 0x00, 0x00,
    0x10, 0x00, 0x00, 0x00, 0x00, 0x00, 0x00, 0x00, 0x00, 0x00, 0x00, 0x00,
    0x00, 0x00, 0x00, 0x00, 0x00, 0x00, 0x00, 0x00, 0x00, 0x00, 0x00, 0x00,
    0x00, 0x00, 0x00, 0x00, 0x00, 0x00, 0x00, 0x00, 0x00, 0x00, 0x00, 0x00,
    0x00, 0x00, 0x00, 0x00, 0x00, 0x00, 0x00, 0x00, 0x00, 0x00, 0x00, 0x00,
    0x00, 0x00, 0x00, 0x00, 0x00, 0x00, 0x00, 0x00, 0x00, 0x00, 0x00, 0x00,
    0x00, 0x00, 0x00, 0x00, 0x00, 0x00, 0x00, 0x00, 0x00, 0x00, 0x00, 0x00,
    0x00, 0x00, 0x00, 0x00, 0x00, 0x00, 0x00, 0x00, 0x00, 0x00, 0x00, 0x00,
    0x00, 0x00, 0x00, 0x00, 0x00, 0x00, 0x00, 0x00, 0x00, 0x00, 0x00, 0x00,
    0x00, 0x00, 0x00, 0x00, 0x00, 0x00, 0x00, 0x00, 0x00, 0x00, 0x00, 0x00,
    0x00, 0x00, 0x00, 0x00, 0x00, 0x00, 0x00, 0x00, 0x00, 0x00, 0x00, 0x00,
    0x00, 0x00, 0x00, 0x00, 0x00, 0x00, 0x00, 0x00, 0x00, 0x00, 0x00, 0x00,
    0x00, 0x00, 0x00, 0x00, 0x10, 0x00, 0x00, 0x00, 0x8d, 0xe3, 0x13, 0x3a,
    0x93, 0xad, 0x17, 0x3a, 0x49, 0x9a, 0x0d, 0x39, 0x45, 0x58, 0xbc, 0x39,
    0xc3, 0x73, 0xbd, 0x39, 0x89, 0xa9, 0x48, 0x39, 0x75, 0x35, 0x89, 0x39,
    0x1e, 0xb0, 0xa7, 0x39, 0x9c, 0x28, 0x31, 0x39, 0xb3, 0xd0, 0x02, 0x3a,
    0x17, 0x4e, 0xe5, 0x39, 0xd7, 0x11, 0xd0, 0x39, 0xc5, 0xdf, 0x76, 0x39,
    0x66, 0x1e, 0x0f, 0x3a, 0xe9, 0x69, 0xb2, 0x39, 0x99, 0x22, 0x50, 0x3a,
    0x67, 0x01, 0x00, 0x00, 0x6e, 0x65, 0x6f, 0x5f, 0x77, 0x61, 0x6b, 0x65,
    0x5f, 0x77, 0x6f, 0x72, 0x64, 0x5f, 0x31, 0x2f, 0x72, 0x65, 0x5f, 0x6c,
    0x75, 0x5f, 0x31, 0x5f, 0x32, 0x2f, 0x52, 0x65, 0x6c, 0x75, 0x3b, 0x6e,
    0x65, 0x6f, 0x5f, 0x77, 0x61, 0x6b, 0x65, 0x5f, 0x77, 0x6f, 0x72, 0x64,
    0x5f, 0x31, 0x2f, 0x62, 0x61, 0x74, 0x63, 0x68, 0x5f, 0x6e, 0x6f, 0x72,
    0x6d, 0x61, 0x6c, 0x69, 0x7a, 0x61, 0x74, 0x69, 0x6f, 0x6e, 0x5f, 0x31,
    0x5f, 0x32, 0x2f, 0x62, 0x61, 0x74, 0x63, 0x68, 0x6e, 0x6f, 0x72, 0x6d,
    0x2f, 0x61, 0x64, 0x64, 0x5f, 0x31, 0x3b, 0x6e, 0x65, 0x6f, 0x5f, 0x77,
    0x61, 0x6b, 0x65, 0x5f, 0x77, 0x6f, 0x72, 0x64, 0x5f, 0x31, 0x2f, 0x62,
    0x61, 0x74, 0x63, 0x68, 0x5f, 0x6e, 0x6f, 0x72, 0x6d, 0x61, 0x6c, 0x69,
    0x7a, 0x61, 0x74, 0x69, 0x6f, 0x6e, 0x5f, 0x31, 0x5f, 0x32, 0x2f, 0x62,
    0x61, 0x74, 0x63, 0x68, 0x6e, 0x6f, 0x72, 0x6d, 0x2f, 0x6d, 0x75, 0x6c,
    0x5f, 0x31, 0x3b, 0x6e, 0x65, 0x6f, 0x5f, 0x77, 0x61, 0x6b, 0x65, 0x5f,
    0x77, 0x6f, 0x72, 0x64, 0x5f, 0x31, 0x2f, 0x63, 0x6f, 0x6e, 0x76, 0x32,
    0x64, 0x5f, 0x31, 0x5f, 0x32, 0x2f, 0x53, 0x71, 0x75, 0x65, 0x65, 0x7a,
    0x65, 0x3b, 0x6e, 0x65, 0x6f, 0x5f, 0x77, 0x61, 0x6b, 0x65, 0x5f, 0x77,
    0x6f, 0x72, 0x64, 0x5f, 0x31, 0x2f, 0x63, 0x6f, 0x6e, 0x76, 0x32, 0x64,
    0x5f, 0x31, 0x5f, 0x32, 0x2f, 0x42, 0x69, 0x61, 0x73, 0x41, 0x64, 0x64,
    0x3b, 0x6e, 0x65, 0x6f, 0x5f, 0x77, 0x61, 0x6b, 0x65, 0x5f, 0x77, 0x6f,
    0x72, 0x64, 0x5f, 0x31, 0x2f, 0x62, 0x61, 0x74, 0x63, 0x68, 0x5f, 0x6e,
    0x6f, 0x72, 0x6d, 0x61, 0x6c, 0x69, 0x7a, 0x61, 0x74, 0x69, 0x6f, 0x6e,
    0x5f, 0x31, 0x5f, 0x32, 0x2f, 0x62, 0x61, 0x74, 0x63, 0x68, 0x6e, 0x6f,
    0x72, 0x6d, 0x2f, 0x6d, 0x75, 0x6c, 0x3b, 0x6e, 0x65, 0x6f, 0x5f, 0x77,
    0x61, 0x6b, 0x65, 0x5f, 0x77, 0x6f, 0x72, 0x64, 0x5f, 0x31, 0x2f, 0x63,
    0x6f, 0x6e, 0x76, 0x32, 0x64, 0x5f, 0x31, 0x5f, 0x32, 0x2f, 0x63, 0x6f,
    0x6e, 0x76, 0x6f, 0x6c, 0x75, 0x74, 0x69, 0x6f, 0x6e, 0x3b, 0x6e, 0x65,
    0x6f, 0x5f, 0x77, 0x61, 0x6b, 0x65, 0x5f, 0x77, 0x6f, 0x72, 0x64, 0x5f,
    0x31, 0x2f, 0x62, 0x61, 0x74, 0x63, 0x68, 0x5f, 0x6e, 0x6f, 0x72, 0x6d,
    0x61, 0x6c, 0x69, 0x7a, 0x61, 0x74, 0x69, 0x6f, 0x6e, 0x5f, 0x31, 0x5f,
    0x32, 0x2f, 0x62, 0x61, 0x74, 0x63, 0x68, 0x6e, 0x6f, 0x72, 0x6d, 0x2f,
    0x73, 0x75, 0x62, 0x00, 0x01, 0x00, 0x00, 0x00, 0x10, 0x00, 0x00, 0x00,
    0xf6, 0xf5, 0xff, 0xff, 0x00, 0x00, 0x00, 0x01, 0x14, 0x00, 0x00, 0x00,
    0xa4, 0x01, 0x00, 0x00, 0x08, 0x00, 0x00, 0x00, 0x00, 0x00, 0x00, 0x09,
    0xc4, 0x01, 0x00, 0x00, 0x3c, 0xf5, 0xff, 0xff, 0x08, 0x00, 0x00, 0x00,
    0x08, 0x01, 0x00, 0x00, 0x20, 0x00, 0x00, 0x00, 0x00, 0x00, 0x00, 0x00,
    0x00, 0x00, 0x00, 0x00, 0x00, 0x00, 0x00, 0x00, 0x00, 0x00, 0x00, 0x00,
    0x00, 0x00, 0x00, 0x00, 0x00, 0x00, 0x00, 0x00, 0x00, 0x00, 0x00, 0x00,
    0x00, 0x00, 0x00, 0x00, 0x00, 0x00, 0x00, 0x00, 0x00, 0x00, 0x00, 0x00,
    0x00, 0x00, 0x00, 0x00, 0x00, 0x00, 0x00, 0x00, 0x00, 0x00, 0x00, 0x00,
    0x00, 0x00, 0x00, 0x00, 0x00, 0x00, 0x00, 0x00, 0x00, 0x00, 0x00, 0x00,
    0x00, 0x00, 0x00, 0x00, 0x00, 0x00, 0x00, 0x00, 0x00, 0x00, 0x00, 0x00,
    0x00, 0x00, 0x00, 0x00, 0x00, 0x00, 0x00, 0x00, 0x00, 0x00, 0x00, 0x00,
    0x00, 0x00, 0x00, 0x00, 0x00, 0x00, 0x00, 0x00, 0x00, 0x00, 0x00, 0x00,
    0x00, 0x00, 0x00, 0x00, 0x00, 0x00, 0x00, 0x00, 0x00, 0x00, 0x00, 0x00,
    0x00, 0x00, 0x00, 0x00, 0x00, 0x00, 0x00, 0x00, 0x00, 0x00, 0x00, 0x00,
    0x00, 0x00, 0x00, 0x00, 0x00, 0x00, 0x00, 0x00, 0x00, 0x00, 0x00, 0x00,
    0x00, 0x00, 0x00, 0x00, 0x00, 0x00, 0x00, 0x00, 0x00, 0x00, 0x00, 0x00,
    0x00, 0x00, 0x00, 0x00, 0x00, 0x00, 0x00, 0x00, 0x00, 0x00, 0x00, 0x00,
    0x00, 0x00, 0x00, 0x00, 0x00, 0x00, 0x00, 0x00, 0x00, 0x00, 0x00, 0x00,
    0x00, 0x00, 0x00, 0x00, 0x00, 0x00, 0x00, 0x00, 0x00, 0x00, 0x00, 0x00,
    0x00, 0x00, 0x00, 0x00, 0x00, 0x00, 0x00, 0x00, 0x00, 0x00, 0x00, 0x00,
    0x00, 0x00, 0x00, 0x00, 0x00, 0x00, 0x00, 0x00, 0x00, 0x00, 0x00, 0x00,
    0x00, 0x00, 0x00, 0x00, 0x00, 0x00, 0x00, 0x00, 0x00, 0x00, 0x00, 0x00,
    0x00, 0x00, 0x00, 0x00, 0x00, 0x00, 0x00, 0x00, 0x00, 0x00, 0x00, 0x00,
    0x00, 0x00, 0x00, 0x00, 0x00, 0x00, 0x00, 0x00, 0x00, 0x00, 0x00, 0x00,
    0x00, 0x00, 0x00, 0x00, 0x00, 0x00, 0x00, 0x00, 0x00, 0x00, 0x00, 0x00,
    0x20, 0x00, 0x00, 0x00, 0xf1, 0x23, 0xae, 0x3b, 0x4b, 0xe7, 0x7a, 0x3b,
    0x2c, 0x17, 0xad, 0x3b, 0x74, 0x96, 0x77, 0x3b, 0x47, 0xb2, 0xf3, 0x3b,
    0x97, 0xa5, 0x44, 0x3b, 0x00, 0xfa, 0x93, 0x3b, 0x4f, 0x9f, 0x73, 0x3b,
    0x07, 0x64, 0x34, 0x3b, 0x78, 0xa6, 0x9e, 0x3b, 0xc3, 0x97, 0xb4, 0x3b,
    0xb0, 0x7b, 0x06, 0x3c, 0x81, 0xc1, 0x9a, 0x3b, 0x58, 0x68, 0x43, 0x3b,
    0x1d, 0xe2, 0x37, 0x3b, 0x70, 0x54, 0x94, 0x3b, 0x17, 0x79, 0x84, 0x3b,
    0xf5, 0xd5, 0x60, 0x3b, 0xe4, 0x4c, 0xbc, 0x3b, 0xd1, 0xbb, 0x4f, 0x3b,
    0x45, 0x0f, 0x57, 0x3b, 0xec, 0x64, 0xce, 0x3b, 0x3c, 0x01, 0xb4, 0x3b,
    0x90, 0x56, 0x8d, 0x3b, 0xfe, 0xb5, 0xb2, 0x3b, 0xb2, 0x5a, 0x3d, 0x3b,
    0xfb, 0xc5, 0x79, 0x3b, 0x49, 0x27, 0x6a, 0x3b, 0x48, 0x55, 0xab, 0x3b,
    0xa4, 0xb5, 0x7f, 0x3b, 0x60, 0x93, 0x84, 0x3b, 0x07, 0xd9, 0xa4, 0x3b,
    0x26, 0x00, 0x00, 0x00, 0x6e, 0x65, 0x6f, 0x5f, 0x77, 0x61, 0x6b, 0x65,
    0x5f, 0x77, 0x6f, 0x72, 0x64, 0x5f, 0x31, 0x2f, 0x63, 0x6f, 0x6e, 0x76,
    0x32, 0x64, 0x5f, 0x32, 0x5f, 0x31, 0x2f, 0x63, 0x6f, 0x6e, 0x76, 0x6f,
    0x6c, 0x75, 0x74, 0x69, 0x6f, 0x6e, 0x00, 0x00, 0x04, 0x00, 0x00, 0x00,
    0x20, 0x00, 0x00, 0x00, 0x03, 0x00, 0x00, 0x00, 0x03, 0x00, 0x00, 0x00,
    0x10, 0x00, 0x00, 0x00, 0xe6, 0xf7, 0xff, 0xff, 0x00, 0x00, 0x00, 0x01,
    0x14, 0x00, 0x00, 0x00, 0xa8, 0x01, 0x00, 0x00, 0x07, 0x00, 0x00, 0x00,
    0x00, 0x00, 0x00, 0x02, 0x08, 0x03, 0x00, 0x00, 0x2c, 0xf7, 0xff, 0xff,
    0x08, 0x00, 0x00, 0x00, 0x0c, 0x01, 0x00, 0x00, 0x20, 0x00, 0x00, 0x00,
    0x00, 0x00, 0x00, 0x00, 0x00, 0x00, 0x00, 0x00, 0x00, 0x00, 0x00, 0x00,
    0x00, 0x00, 0x00, 0x00, 0x00, 0x00, 0x00, 0x00, 0x00, 0x00, 0x00, 0x00,
    0x00, 0x00, 0x00, 0x00, 0x00, 0x00, 0x00, 0x00, 0x00, 0x00, 0x00, 0x00,
    0x00, 0x00, 0x00, 0x00, 0x00, 0x00, 0x00, 0x00, 0x00, 0x00, 0x00, 0x00,
    0x00, 0x00, 0x00, 0x00, 0x00, 0x00, 0x00, 0x00, 0x00, 0x00, 0x00, 0x00,
    0x00, 0x00, 0x00, 0x00, 0x00, 0x00, 0x00, 0x00, 0x00, 0x00, 0x00, 0x00,
    0x00, 0x00, 0x00, 0x00, 0x00, 0x00, 0x00, 0x00, 0x00, 0x00, 0x00, 0x00,
    0x00, 0x00, 0x00, 0x00, 0x00, 0x00, 0x00, 0x00, 0x00, 0x00, 0x00, 0x00,
    0x00, 0x00, 0x00, 0x00, 0x00, 0x00, 0x00, 0x00, 0x00, 0x00, 0x00, 0x00,
    0x00, 0x00, 0x00, 0x00, 0x00, 0x00, 0x00, 0x00, 0x00, 0x00, 0x00, 0x00,
    0x00, 0x00, 0x00, 0x00, 0x00, 0x00, 0x00, 0x00, 0x00, 0x00, 0x00, 0x00,
    0x00, 0x00, 0x00, 0x00, 0x00, 0x00, 0x00, 0x00, 0x00, 0x00, 0x00, 0x00,
    0x00, 0x00, 0x00, 0x00, 0x00, 0x00, 0x00, 0x00, 0x00, 0x00, 0x00, 0x00,
    0x00, 0x00, 0x00, 0x00, 0x00, 0x00, 0x00, 0x00, 0x00, 0x00, 0x00, 0x00,
    0x00, 0x00, 0x00, 0x00, 0x00, 0x00, 0x00, 0x00, 0x00, 0x00, 0x00, 0x00,
    0x00, 0x00, 0x00, 0x00, 0x00, 0x00, 0x00, 0x00, 0x00, 0x00, 0x00, 0x00,
    0x00, 0x00, 0x00, 0x00, 0x00, 0x00, 0x00, 0x00, 0x00, 0x00, 0x00, 0x00,
    0x00, 0x00, 0x00, 0x00, 0x00, 0x00, 0x00, 0x00, 0x00, 0x00, 0x00, 0x00,
    0x00, 0x00, 0x00, 0x00, 0x00, 0x00, 0x00, 0x00, 0x00, 0x00, 0x00, 0x00,
    0x00, 0x00, 0x00, 0x00, 0x00, 0x00, 0x00, 0x00, 0x00, 0x00, 0x00, 0x00,
    0x00, 0x00, 0x00, 0x00, 0x00, 0x00, 0x00, 0x00, 0x00, 0x00, 0x00, 0x00,
    0x00, 0x00, 0x00, 0x00, 0x00, 0x00, 0x00, 0x00, 0x20, 0x00, 0x00, 0x00,
    0x53, 0x01, 0xd4, 0x39, 0xd1, 0xba, 0x98, 0x39, 0x1d, 0xba, 0xd2, 0x39,
    0x1c, 0xb6, 0x96, 0x39, 0xb8, 0x57, 0x14, 0x3a, 0xc7, 0x67, 0x6f, 0x39,
    0xff, 0x26, 0xb4, 0x39, 0x2c, 0x4c, 0x94, 0x39, 0x55, 0x9d, 0x5b, 0x39,
    0x9b, 0x25, 0xc1, 0x39, 0x50, 0xdc, 0xdb, 0x39, 0x95, 0xb9, 0x23, 0x3a,
    0xdd, 0x67, 0xbc, 0x39, 0x8c, 0xe5, 0x6d, 0x39, 0xd3, 0xdd, 0x5f, 0x39,
    0x19, 0x95, 0xb4, 0x39, 0x17, 0x47, 0xa1, 0x39, 0xa1, 0xdc, 0x88, 0x39,
    0x7a, 0x3e, 0xe5, 0x39, 0x24, 0xe7, 0x7c, 0x39, 0x32, 0xe9, 0x82, 0x39,
    0xb0, 0x45, 0xfb, 0x39, 0x0e, 0x25, 0xdb, 0x39, 0x09, 0x12, 0xac, 0x39,
    0xca, 0x91, 0xd9, 0x39, 0xf2, 0x86, 0x66, 0x39, 0xb5, 0x0a, 0x98, 0x39,
    0xa0, 0x88, 0x8e, 0x39, 0x66, 0x96, 0xd0, 0x39, 0xc0, 0xa7, 0x9b, 0x39,
    0x18, 0x67, 0xa1, 0x39, 0x25, 0xb1, 0xc8, 0x39, 0x67, 0x01, 0x00, 0x00,
    0x6e, 0x65, 0x6f, 0x5f, 0x77, 0x61, 0x6b, 0x65, 0x5f, 0x77, 0x6f, 0x72,
    0x64, 0x5f, 0x31, 0x2f, 0x72, 0x65, 0x5f, 0x6c, 0x75, 0x5f, 0x32, 0x5f,
    0x31, 0x2f, 0x52, 0x65, 0x6c, 0x75, 0x3b, 0x6e, 0x65, 0x6f, 0x5f, 0x77,
    0x61, 0x6b, 0x65, 0x5f, 0x77, 0x6f, 0x72, 0x64, 0x5f, 0x31, 0x2f, 0x62,
    0x61, 0x74, 0x63, 0x68, 0x5f, 0x6e, 0x6f, 0x72, 0x6d, 0x61, 0x6c, 0x69,
    0x7a, 0x61, 0x74, 0x69, 0x6f, 0x6e, 0x5f, 0x32, 0x5f, 0x31, 0x2f, 0x62,
    0x61, 0x74, 0x63, 0x68, 0x6e, 0x6f, 0x72, 0x6d, 0x2f, 0x61, 0x64, 0x64,
    0x5f, 0x31, 0x3b, 0x6e, 0x65, 0x6f, 0x5f, 0x77, 0x61, 0x6b, 0x65, 0x5f,
    0x77, 0x6f, 0x72, 0x64, 0x5f, 0x31, 0x2f, 0x62, 0x61, 0x74, 0x63, 0x68,
    0x5f, 0x6e, 0x6f, 0x72, 0x6d, 0x61, 0x6c, 0x69, 0x7a, 0x61, 0x74, 0x69,
    0x6f, 0x6e, 0x5f, 0x32, 0x5f, 0x31, 0x2f, 0x62, 0x61, 0x74, 0x63, 0x68,
    0x6e, 0x6f, 0x72, 0x6d, 0x2f, 0x6d, 0x75, 0x6c, 0x5f, 0x31, 0x3b, 0x6e,
    0x65, 0x6f, 0x5f, 0x77, 0x61, 0x6b, 0x65, 0x5f, 0x77, 0x6f, 0x72, 0x64,
    0x5f, 0x31, 0x2f, 0x63, 0x6f, 0x6e, 0x76, 0x32, 0x64, 0x5f, 0x32, 0x5f,
    0x31, 0x2f, 0x53, 0x71, 0x75, 0x65, 0x65, 0x7a, 0x65, 0x3b, 0x6e, 0x65,
    0x6f, 0x5f, 0x77, 0x61, 0x6b, 0x65, 0x5f, 0x77, 0x6f, 0x72, 0x64, 0x5f,
    0x31, 0x2f, 0x63, 0x6f, 0x6e, 0x76, 0x32, 0x64, 0x5f, 0x32, 0x5f, 0x31,
    0x2f, 0x42, 0x69, 0x61, 0x73, 0x41, 0x64, 0x64, 0x3b, 0x6e, 0x65, 0x6f,
    0x5f, 0x77, 0x61, 0x6b, 0x65, 0x5f, 0x77, 0x6f, 0x72, 0x64, 0x5f, 0x31,
    0x2f, 0x62, 0x61, 0x74, 0x63, 0x68, 0x5f, 0x6e, 0x6f, 0x72, 0x6d, 0x61,
    0x6c, 0x69, 0x7a, 0x61, 0x74, 0x69, 0x6f, 0x6e, 0x5f, 0x32, 0x5f, 0x31,
    0x2f, 0x62, 0x61, 0x74, 0x63, 0x68, 0x6e, 0x6f, 0x72, 0x6d, 0x2f, 0x6d,
    0x75, 0x6c, 0x3b, 0x6e, 0x65, 0x6f, 0x5f, 0x77, 0x61, 0x6b, 0x65, 0x5f,
    0x77, 0x6f, 0x72, 0x64, 0x5f, 0x31, 0x2f, 0x63, 0x6f, 0x6e, 0x76, 0x32,
    0x64, 0x5f, 0x32, 0x5f, 0x31, 0x2f, 0x63, 0x6f, 0x6e, 0x76, 0x6f, 0x6c,
    0x75, 0x74, 0x69, 0x6f, 0x6e, 0x3b, 0x6e, 0x65, 0x6f, 0x5f, 0x77, 0x61,
    0x6b, 0x65, 0x5f, 0x77, 0x6f, 0x72, 0x64, 0x5f, 0x31, 0x2f, 0x62, 0x61,
    0x74, 0x63, 0x68, 0x5f, 0x6e, 0x6f, 0x72, 0x6d, 0x61, 0x6c, 0x69, 0x7a,
    0x61, 0x74, 0x69, 0x6f, 0x6e, 0x5f, 0x32, 0x5f, 0x31, 0x2f, 0x62, 0x61,
    0x74, 0x63, 0x68, 0x6e, 0x6f, 0x72, 0x6d, 0x2f, 0x73, 0x75, 0x62, 0x00,
    0x01, 0x00, 0x00, 0x00, 0x20, 0x00, 0x00, 0x00, 0x0e, 0xfb, 0xff, 0xff,
    0x00, 0x00, 0x00, 0x01, 0x14, 0x00, 0x00, 0x00, 0xa4, 0x01, 0x00, 0x00,
    0x06, 0x00, 0x00, 0x00, 0x00, 0x00, 0x00, 0x09, 0xbc, 0x01, 0x00, 0x00,
    0x54, 0xfa, 0xff, 0xff, 0x08, 0x00, 0x00, 0x00, 0x08, 0x01, 0x00, 0x00,
    0x20, 0x00, 0x00, 0x00, 0x00, 0x00, 0x00, 0x00, 0x00, 0x00, 0x00, 0x00,
    0x00, 0x00, 0x00, 0x00, 0x00, 0x00, 0x00, 0x00, 0x00, 0x00, 0x00, 0x00,
    0x00, 0x00, 0x00, 0x00, 0x00, 0x00, 0x00, 0x00, 0x00, 0x00, 0x00, 0x00,
    0x00, 0x00, 0x00, 0x00, 0x00, 0x00, 0x00, 0x00, 0x00, 0x00, 0x00, 0x00,
    0x00, 0x00, 0x00, 0x00, 0x00, 0x00, 0x00, 0x00, 0x00, 0x00, 0x00, 0x00,
    0x00, 0x00, 0x00, 0x00, 0x00, 0x00, 0x00, 0x00, 0x00, 0x00, 0x00, 0x00,
    0x00, 0x00, 0x00, 0x00, 0x00, 0x00, 0x00, 0x00, 0x00, 0x00, 0x00, 0x00,
    0x00, 0x00, 0x00, 0x00, 0x00, 0x00, 0x00, 0x00, 0x00, 0x00, 0x00, 0x00,
    0x00, 0x00, 0x00, 0x00, 0x00, 0x00, 0x00, 0x00, 0x00, 0x00, 0x00, 0x00,
    0x00, 0x00, 0x00, 0x00, 0x00, 0x00, 0x00, 0x00, 0x00, 0x00, 0x00, 0x00,
    0x00, 0x00, 0x00, 0x00, 0x00, 0x00, 0x00, 0x00, 0x00, 0x00, 0x00, 0x00,
    0x00, 0x00, 0x00, 0x00, 0x00, 0x00, 0x00, 0x00, 0x00, 0x00, 0x00, 0x00,
    0x00, 0x00, 0x00, 0x00, 0x00, 0x00, 0x00, 0x00, 0x00, 0x00, 0x00, 0x00,
    0x00, 0x00, 0x00, 0x00, 0x00, 0x00, 0x00, 0x00, 0x00, 0x00, 0x00, 0x00,
    0x00, 0x00, 0x00, 0x00, 0x00, 0x00, 0x00, 0x00, 0x00, 0x00, 0x00, 0x00,
    0x00, 0x00, 0x00, 0x00, 0x00, 0x00, 0x00, 0x00, 0x00, 0x00, 0x00, 0x00,
    0x00, 0x00, 0x00, 0x00, 0x00, 0x00, 0x00, 0x00, 0x00, 0x00, 0x00, 0x00,
    0x00, 0x00, 0x00, 0x00, 0x00, 0x00, 0x00, 0x00, 0x00, 0x00, 0x00, 0x00,
    0x00, 0x00, 0x00, 0x00, 0x00, 0x00, 0x00, 0x00, 0x00, 0x00, 0x00, 0x00,
    0x00, 0x00, 0x00, 0x00, 0x00, 0x00, 0x00, 0x00, 0x00, 0x00, 0x00, 0x00,
    0x00, 0x00, 0x00, 0x00, 0x00, 0x00, 0x00, 0x00, 0x00, 0x00, 0x00, 0x00,
    0x00, 0x00, 0x00, 0x00, 0x00, 0x00, 0x00, 0x00, 0x20, 0x00, 0x00, 0x00,
    0x1a, 0x31, 0x12, 0x3b, 0x87, 0x5d, 0x66, 0x39, 0x21, 0x14, 0x50, 0x3b,
    0xcf, 0x4d, 0x3e, 0x3b, 0xe0, 0xef, 0x2b, 0x3b, 0x7a, 0x11, 0x0c, 0x3b,
    0xa7, 0xca, 0x2f, 0x3b, 0x81, 0x9b, 0x2f, 0x3b, 0x96, 0x0a, 0x2b, 0x3b,
    0xed, 0x5e, 0x54, 0x3b, 0x38, 0x61, 0xf3, 0x3a, 0xf7, 0x57, 0x42, 0x3b,
    0x1f, 0x5d, 0x27, 0x3b, 0x35, 0xb7, 0x35, 0x3b, 0x47, 0x0a, 0x2d, 0x3b,
    0x2c, 0x99, 0x35, 0x3b, 0xf4, 0x50, 0x23, 0x3b, 0xc8, 0x28, 0x47, 0x3b,
    0xb6, 0xe0, 0x6f, 0x39, 0xa5, 0xad, 0x40, 0x3b, 0x51, 0xfd, 0x18, 0x3b,
    0xfb, 0x4f, 0x2d, 0x3b, 0xdd, 0x6a, 0x54, 0x3b, 0x9a, 0x33, 0x20, 0x3b,
    0x66, 0xbd, 0x40, 0x39, 0xdf, 0x5f, 0x19, 0x3b, 0x30, 0x7e, 0x2f, 0x3b,
    0x8f, 0x10, 0x3e, 0x3b, 0xef, 0xb5, 0x22, 0x3b, 0xf6, 0x1c, 0x13, 0x3b,
    0xc7, 0x86, 0x3a, 0x3b, 0xfe, 0x0c, 0x30, 0x3b, 0x1e, 0x00, 0x00, 0x00,
    0x6e, 0x65, 0x6f, 0x5f, 0x77, 0x61, 0x6b, 0x65, 0x5f, 0x77, 0x6f, 0x72,
    0x64, 0x5f, 0x31, 0x2f, 0x64, 0x65, 0x6e, 0x73, 0x65, 0x5f, 0x31, 0x2f,
    0x4d, 0x61, 0x74, 0x4d, 0x75, 0x6c, 0x00, 0x00, 0x02, 0x00, 0x00, 0x00,
    0x20, 0x00, 0x00, 0x00, 0x20, 0x00, 0x00, 0x00, 0xee, 0xfc, 0xff, 0xff,
    0x00, 0x00, 0x00, 0x01, 0x14, 0x00, 0x00, 0x00, 0xa8, 0x01, 0x00, 0x00,
    0x05, 0x00, 0x00, 0x00, 0x00, 0x00, 0x00, 0x02, 0xe0, 0x01, 0x00, 0x00,
    0x34, 0xfc, 0xff, 0xff, 0x08, 0x00, 0x00, 0x00, 0x0c, 0x01, 0x00, 0x00,
    0x20, 0x00, 0x00, 0x00, 0x00, 0x00, 0x00, 0x00, 0x00, 0x00, 0x00, 0x00,
    0x00, 0x00, 0x00, 0x00, 0x00, 0x00, 0x00, 0x00, 0x00, 0x00, 0x00, 0x00,
    0x00, 0x00, 0x00, 0x00, 0x00, 0x00, 0x00, 0x00, 0x00, 0x00, 0x00, 0x00,
    0x00, 0x00, 0x00, 0x00, 0x00, 0x00, 0x00, 0x00, 0x00, 0x00, 0x00, 0x00,
    0x00, 0x00, 0x00, 0x00, 0x00, 0x00, 0x00, 0x00, 0x00, 0x00, 0x00, 0x00,
    0x00, 0x00, 0x00, 0x00, 0x00, 0x00, 0x00, 0x00, 0x00, 0x00, 0x00, 0x00,
    0x00, 0x00, 0x00, 0x00, 0x00, 0x00, 0x00, 0x00, 0x00, 0x00, 0x00, 0x00,
    0x00, 0x00, 0x00, 0x00, 0x00, 0x00, 0x00, 0x00, 0x00, 0x00, 0x00, 0x00,
    0x00, 0x00, 0x00, 0x00, 0x00, 0x00, 0x00, 0x00, 0x00, 0x00, 0x00, 0x00,
    0x00, 0x00, 0x00, 0x00, 0x00, 0x00, 0x00, 0x00, 0x00, 0x00, 0x00, 0x00,
    0x00, 0x00, 0x00, 0x00, 0x00, 0x00, 0x00, 0x00, 0x00, 0x00, 0x00, 0x00,
    0x00, 0x00, 0x00, 0x00, 0x00, 0x00, 0x00, 0x00, 0x00, 0x00, 0x00, 0x00,
    0x00, 0x00, 0x00, 0x00, 0x00, 0x00, 0x00, 0x00, 0x00, 0x00, 0x00, 0x00,
    0x00, 0x00, 0x00, 0x00, 0x00, 0x00, 0x00, 0x00, 0x00, 0x00, 0x00, 0x00,
    0x00, 0x00, 0x00, 0x00, 0x00, 0x00, 0x00, 0x00, 0x00, 0x00, 0x00, 0x00,
    0x00, 0x00, 0x00, 0x00, 0x00, 0x00, 0x00, 0x00, 0x00, 0x00, 0x00, 0x00,
    0x00, 0x00, 0x00, 0x00, 0x00, 0x00, 0x00, 0x00, 0x00, 0x00, 0x00, 0x00,
    0x00, 0x00, 0x00, 0x00, 0x00, 0x00, 0x00, 0x00, 0x00, 0x00, 0x00, 0x00,
    0x00, 0x00, 0x00, 0x00, 0x00, 0x00, 0x00, 0x00, 0x00, 0x00, 0x00, 0x00,
    0x00, 0x00, 0x00, 0x00, 0x00, 0x00, 0x00, 0x00, 0x00, 0x00, 0x00, 0x00,
    0x00, 0x00, 0x00, 0x00, 0x00, 0x00, 0x00, 0x00, 0x00, 0x00, 0x00, 0x00,
    0x00, 0x00, 0x00, 0x00, 0x00, 0x00, 0x00, 0x00, 0x00, 0x00, 0x00, 0x00,
    0x20, 0x00, 0x00, 0x00, 0xef, 0x92, 0x8c, 0x37, 0x4c, 0x83, 0xdd, 0x35,
    0x25, 0x15, 0xc8, 0x37, 0xaf, 0xfd, 0xb6, 0x37, 0x6f, 0x54, 0xa5, 0x37,
    0x8c, 0xaf, 0x86, 0x37, 0x4b, 0x09, 0xa9, 0x37, 0xf5, 0xdb, 0xa8, 0x37,
    0xf5, 0x77, 0xa4, 0x37, 0xb7, 0x35, 0xcc, 0x37, 0xf5, 0x06, 0x6a, 0x37,
    0x19, 0xe0, 0xba, 0x37, 0xac, 0xee, 0xa0, 0x37, 0x92, 0xbb, 0xae, 0x37,
    0xfc, 0x63, 0xa6, 0x37, 0xb0, 0x9e, 0xae, 0x37, 0x52, 0x0a, 0x9d, 0x37,
    0x8a, 0x81, 0xbf, 0x37, 0xe6, 0xa8, 0xe6, 0x35, 0x29, 0x46, 0xb9, 0x37,
    0x46, 0x1c, 0x93, 0x37, 0x03, 0xa7, 0xa6, 0x37, 0x32, 0x41, 0xcc, 0x37,
    0x9c, 0x0b, 0x9a, 0x37, 0x4f, 0x55, 0xb9, 0x35, 0x0b, 0x7b, 0x93, 0x37,
    0xc4, 0xbf, 0xa8, 0x37, 0xc9, 0xc2, 0xb6, 0x37, 0x42, 0x75, 0x9c, 0x37,
    0xba, 0x75, 0x8d, 0x37, 0xd0, 0x5b, 0xb3, 0x37, 0x15, 0x49, 0xa9, 0x37,
    0x3c, 0x00, 0x00, 0x00, 0x6e, 0x65, 0x6f, 0x5f, 0x77, 0x61, 0x6b, 0x65,
    0x5f, 0x77, 0x6f, 0x72, 0x64, 0x5f, 0x31, 0x2f, 0x64, 0x65, 0x6e, 0x73,
    0x65, 0x5f, 0x31, 0x2f, 0x52, 0x65, 0x6c, 0x75, 0x3b, 0x6e, 0x65, 0x6f,
    0x5f, 0x77, 0x61, 0x6b, 0x65, 0x5f, 0x77, 0x6f, 0x72, 0x64, 0x5f, 0x31,
    0x2f, 0x64, 0x65, 0x6e, 0x73, 0x65, 0x5f, 0x31, 0x2f, 0x42, 0x69, 0x61,
    0x73, 0x41, 0x64, 0x64, 0x00, 0x00, 0x00, 0x00, 0x01, 0x00, 0x00, 0x00,
    0x20, 0x00, 0x00, 0x00, 0xee, 0xfe, 0xff, 0xff, 0x00, 0x00, 0x00, 0x01,
    0x14, 0x00, 0x00, 0x00, 0x48, 0x00, 0x00, 0x00, 0x04, 0x00, 0x00, 0x00,
    0x00, 0x00, 0x00, 0x09, 0x64, 0x00, 0x00, 0x00, 0x34, 0xfe, 0xff, 0xff,
    0x08, 0x00, 0x00, 0x00, 0x20, 0x00, 0x00, 0x00, 0x03, 0x00, 0x00, 0x00,
    0x00, 0x00, 0x00, 0x00, 0x00, 0x00, 0x00, 0x00, 0x00, 0x00, 0x00, 0x00,
    0x00, 0x00, 0x00, 0x00, 0x00, 0x00, 0x00, 0x00, 0x00, 0x00, 0x00, 0x00,
    0x03, 0x00, 0x00, 0x00, 0x5d, 0x6e, 0x9c, 0x3b, 0xde, 0xd4, 0x8f, 0x3b,
    0x79, 0x36, 0xa0, 0x3b, 0x20, 0x00, 0x00, 0x00, 0x6e, 0x65, 0x6f, 0x5f,
    0x77, 0x61, 0x6b, 0x65, 0x5f, 0x77, 0x6f, 0x72, 0x64, 0x5f, 0x31, 0x2f,
    0x64, 0x65, 0x6e, 0x73, 0x65, 0x5f, 0x31, 0x5f, 0x32, 0x2f, 0x4d, 0x61,
    0x74, 0x4d, 0x75, 0x6c, 0x00, 0x00, 0x00, 0x00, 0x02, 0x00, 0x00, 0x00,
    0x03, 0x00, 0x00, 0x00, 0x20, 0x00, 0x00, 0x00, 0x76, 0xff, 0xff, 0xff,
    0x00, 0x00, 0x00, 0x01, 0x14, 0x00, 0x00, 0x00, 0x4c, 0x00, 0x00, 0x00,
    0x03, 0x00, 0x00, 0x00, 0x00, 0x00, 0x00, 0x02, 0x68, 0x00, 0x00, 0x00,
    0xbc, 0xfe, 0xff, 0xff, 0x08, 0x00, 0x00, 0x00, 0x24, 0x00, 0x00, 0x00,
    0x03, 0x00, 0x00, 0x00, 0x00, 0x00, 0x00, 0x00, 0x00, 0x00, 0x00, 0x00,
    0x00, 0x00, 0x00, 0x00, 0x00, 0x00, 0x00, 0x00, 0x00, 0x00, 0x00, 0x00,
    0x00, 0x00, 0x00, 0x00, 0x00, 0x00, 0x00, 0x00, 0x03, 0x00, 0x00, 0x00,
    0x39, 0x76, 0xba, 0x38, 0x83, 0x71, 0xab, 0x38, 0x2f, 0xf8, 0xbe, 0x38,
    0x21, 0x00, 0x00, 0x00, 0x6e, 0x65, 0x6f, 0x5f, 0x77, 0x61, 0x6b, 0x65,
    0x5f, 0x77, 0x6f, 0x72, 0x64, 0x5f, 0x31, 0x2f, 0x64, 0x65, 0x6e, 0x73,
    0x65, 0x5f, 0x31, 0x5f, 0x32, 0x2f, 0x42, 0x69, 0x61, 0x73, 0x41, 0x64,
    0x64, 0x00, 0x00, 0x00, 0x01, 0x00, 0x00, 0x00, 0x03, 0x00, 0x00, 0x00,
    0x00, 0x00, 0x16, 0x00, 0x1c, 0x00, 0x18, 0x00, 0x17, 0x00, 0x10, 0x00,
    0x0c, 0x00, 0x08, 0x00, 0x00, 0x00, 0x00, 0x00, 0x00, 0x00, 0x07, 0x00,
    0x16, 0x00, 0x00, 0x00, 0x00, 0x00, 0x00, 0x01, 0x18, 0x00, 0x00, 0x00,
    0x18, 0x00, 0x00, 0x00, 0x02, 0x00, 0x00, 0x00, 0x00, 0x00, 0x00, 0x02,
    0x54, 0x00, 0x00, 0x00, 0x04, 0x00, 0x04, 0x00, 0x04, 0x00, 0x00, 0x00,
    0x41, 0x00, 0x00, 0x00, 0x6e, 0x65, 0x6f, 0x5f, 0x77, 0x61, 0x6b, 0x65,
    0x5f, 0x77, 0x6f, 0x72, 0x64, 0x5f, 0x31, 0x2f, 0x67, 0x6c, 0x6f, 0x62,
    0x61, 0x6c, 0x5f, 0x61, 0x76, 0x65, 0x72, 0x61, 0x67, 0x65, 0x5f, 0x70,
    0x6f, 0x6f, 0x6c, 0x69, 0x6e, 0x67, 0x32, 0x64, 0x5f, 0x31, 0x2f, 0x4d,
    0x65, 0x61, 0x6e, 0x2f, 0x72, 0x65, 0x64, 0x75, 0x63, 0x74, 0x69, 0x6f,
    0x6e, 0x5f, 0x69, 0x6e, 0x64, 0x69, 0x63, 0x65, 0x73, 0x00, 0x00, 0x00,
    0x01, 0x00, 0x00, 0x00, 0x02, 0x00, 0x00, 0x00, 0x00, 0x00, 0x16, 0x00,
    0x20, 0x00, 0x1c, 0x00, 0x1b, 0x00, 0x14, 0x00, 0x10, 0x00, 0x0c, 0x00,
    0x00, 0x00, 0x00, 0x00, 0x08, 0x00, 0x07, 0x00, 0x16, 0x00, 0x00, 0x00,
    0x00, 0x00, 0x00, 0x01, 0x18, 0x00, 0x00, 0x00, 0x34, 0x00, 0x00, 0x00,
    0x54, 0x00, 0x00, 0x00, 0x01, 0x00, 0x00, 0x00, 0x00, 0x00, 0x00, 0x09,
    0x6c, 0x00, 0x00, 0x00, 0x04, 0x00, 0x00, 0x00, 0xff, 0xff, 0xff, 0xff,
    0x94, 0x00, 0x00, 0x00, 0x28, 0x00, 0x00, 0x00, 0x01, 0x00, 0x00, 0x00,
    0x0c, 0x00, 0x0c, 0x00, 0x00, 0x00, 0x00, 0x00, 0x08, 0x00, 0x04, 0x00,
    0x0c, 0x00, 0x00, 0x00, 0x08, 0x00, 0x00, 0x00, 0x14, 0x00, 0x00, 0x00,
    0x01, 0x00, 0x00, 0x00, 0x51, 0x00, 0x00, 0x00, 0x00, 0x00, 0x00, 0x00,
    0x00, 0x00, 0x00, 0x00, 0x01, 0x00, 0x00, 0x00, 0x1d, 0x1b, 0x17, 0x3f,
    0x1e, 0x00, 0x00, 0x00, 0x73, 0x65, 0x72, 0x76, 0x69, 0x6e, 0x67, 0x5f,
    0x64, 0x65, 0x66, 0x61, 0x75, 0x6c, 0x74, 0x5f, 0x6b, 0x65, 0x72, 0x61,
    0x73, 0x5f, 0x74, 0x65, 0x6e, 0x73, 0x6f, 0x72, 0x3a, 0x30, 0x00, 0x00,
    0x04, 0x00, 0x00, 0x00, 0x01, 0x00, 0x00, 0x00, 0x94, 0x00, 0x00, 0x00,
    0x28, 0x00, 0x00, 0x00, 0x01, 0x00, 0x00, 0x00, 0x05, 0x00, 0x00, 0x00,
    0x60, 0x00, 0x00, 0x00, 0x40, 0x00, 0x00, 0x00, 0x2c, 0x00, 0x00, 0x00,
    0x18, 0x00, 0x00, 0x00, 0x04, 0x00, 0x00, 0x00, 0xc0, 0xff, 0xff, 0xff,
    0x19, 0x00, 0x00, 0x00, 0x02, 0x00, 0x00, 0x00, 0x00, 0x00, 0x00, 0x19,
    0xd0, 0xff, 0xff, 0xff, 0x09, 0x00, 0x00, 0x00, 0x04, 0x00, 0x00, 0x00,
    0x00, 0x00, 0x00, 0x09, 0xe0, 0xff, 0xff, 0xff, 0x28, 0x00, 0x00, 0x00,
    0x02, 0x00, 0x00, 0x00, 0x00, 0x00, 0x00, 0x28, 0xf0, 0xff, 0xff, 0xff,
    0x11, 0x00, 0x00, 0x00, 0x02, 0x00, 0x00, 0x00, 0x00, 0x00, 0x00, 0x11,
    0x0c, 0x00, 0x10, 0x00, 0x0f, 0x00, 0x00, 0x00, 0x08, 0x00, 0x04, 0x00,
    0x0c, 0x00, 0x00, 0x00, 0x03, 0x00, 0x00, 0x00, 0x03, 0x00, 0x00, 0x00,
    0x00, 0x00, 0x00, 0x03,
};
